log10_EI,xM_over_L,L_raft,omega,d,rho_raft,q_w0_re,q_w0_im,Q_w0_re,Q_w0_im,F_w0_re,F_w0_im,q_w1_re,q_w1_im,Q_w1_re,Q_w1_im,F_w1_re,F_w1_im,q_w2_re,q_w2_im,Q_w2_re,Q_w2_im,F_w2_re,F_w2_im,q_w3_re,q_w3_im,Q_w3_re,Q_w3_im,F_w3_re,F_w3_im,q_w4_re,q_w4_im,Q_w4_re,Q_w4_im,F_w4_re,F_w4_im,q_w5_re,q_w5_im,Q_w5_re,Q_w5_im,F_w5_re,F_w5_im,q_w6_re,q_w6_im,Q_w6_re,Q_w6_im,F_w6_re,F_w6_im,q_w7_re,q_w7_im,Q_w7_re,Q_w7_im,F_w7_re,F_w7_im
-2.0,0.0,0.05,502.6548245743669,0.03,0.052,1.8519048531687192e-6,8.602349832999245e-8,-1.619531219423057,0.0005525869975460824,0.9225620032608456,0.0,8.133635554346565e-15,-1.6556921340382373e-15,-7.298775978619401e-10,8.399611734850657e-12,8.470261856188893e-12,0.0,-4.122929240595376e-6,2.967506127195042e-7,-0.5932522277022391,-0.2332176787713032,0.13403549783449725,0.0,-8.593647485433537e-19,2.42282195815719e-19,-2.0254248692397362e-11,-1.894386920220247e-12,2.053165981220189e-13,0.0,1.9166288637789144e-7,-3.613679998882263e-10,-0.4649646299806916,0.008441238385018916,0.006820824548387957,0.0,-3.044653064008778e-19,1.1518015367283122e-19,-5.903953629628786e-11,-4.573607175131232e-13,1.3218378413163344e-13,0.0,-2.1482412696957555e-8,-1.817450225721453e-11,-0.1258789865183085,0.0026336748761883397,0.0015572392577860553,0.0,-8.366624408557415e-19,-5.565272418204828e-20,-5.85927233390498e-11,-1.4133561748673542e-12,5.243066531401523e-13,0.0
-2.0,0.004949494949494949,0.05,502.6548245743669,0.03,0.052,1.851453291189773e-6,8.60008544118654e-8,-1.619537026360129,0.0005524309707692502,0.9225429247834094,0.0,5.923125634639603e-6,6.543816709990678e-7,-1.8770557880298726,0.006639338633979875,0.17076711536682598,0.0,-4.120638457251715e-6,2.966724992216002e-7,-0.5936601108315989,-0.2331566437921003,0.1340263114692063,0.0,2.227648106156573e-8,-5.8739558188507e-10,0.026303623419634416,0.003568920245730705,-0.0003211023297892927,0.0,1.9140283756094296e-7,-3.6127287717445e-10,-0.46474673645508463,0.008439078087123093,0.006820554420217878,0.0,-4.069438137839087e-9,-1.0738904232882538e-11,0.006971438430791321,0.0006883843570320121,-5.3942160970267815e-5,0.0,-2.140083608365304e-8,-1.816971808112987e-11,-0.12582994813958828,0.0026329592715611506,0.0015571894473521595,0.0,9.900259022925316e-10,-9.090595389464093e-13,0.0023021731788620114,0.00025250790901256147,-1.7941058230737154e-5,0.0
-2.0,0.009898989898989899,0.05,502.6548245743669,0.03,0.052,1.8500987970024374e-6,8.593293183963133e-8,-1.6195544447057924,0.0005519629517202455,0.9224856916879264,0.0,1.1845528527704135e-5,1.3086710273995477e-6,-3.7541208864459583,0.013277707446069978,0.34151156882878725,0.0,-4.113767123464483e-6,2.964381903933188e-7,-0.5948835371274642,-0.23297356357362595,0.13399875446971013,0.0,4.450908248931005e-8,-1.1747082978507032e-9,0.05261299146772916,0.007137349000725175,-0.0006421300712793972,0.0,1.9062345386682843e-7,-3.609875477667587e-10,-0.46409323263631796,0.00843259787570915,0.006819744049724562,0.0,-8.119493630003312e-9,-2.1476293341144363e-11,0.013939571416955537,0.0013766660661801036,-0.00010787271966062082,0.0,-2.115670526572095e-8,-1.8155367852600835e-11,-0.12568281603760026,0.0026308129145367863,0.0015570400144090714,0.0,1.9698475103302552e-9,-1.81799072780077e-12,0.004604180957014384,0.0005049831593132883,-3.587834106760209e-5,0.0
-2.0,0.014848484848484849,0.05,502.6548245743669,0.03,0.052,1.847841945587105e-6,8.581975814748189e-8,-1.6195834670648512,0.0005511831220380089,0.9223903109843891,0.0,1.7766486826891597e-5,1.9627758552769055e-6,-5.631204595745392,0.019914137574868044,0.5122107034941366,0.0,-4.1023182869174825e-6,2.9604778123121475e-7,-0.5969218375284394,-0.23266851226192073,0.13395283312452078,0.0,6.665398714838793e-8,-1.7618553743579198e-9,0.07893383873567582,0.010704795318774073,-0.0009630086600060911,0.0,1.893270212982869e-7,-3.6051212725474844e-10,-0.4630046483711395,0.008421799798328994,0.0068183934790004945,0.0,-1.2130879102573234e-8,-3.221065441477985e-11,0.020901103443583167,0.0020647426153543595,-0.00016178007698528253,0.0,-2.075181292928714e-8,-1.8131457131681012e-11,-0.12543753954310402,0.0026272371736485414,0.0015567909540644073,0.0,2.9293648022113476e-9,-2.7266655727226805e-12,0.006905853873171782,0.0007573930983255264,-5.380807316667375e-5,0.0
-2.0,0.019797979797979797,0.05,502.6548245743669,0.03,0.052,1.844683694815016e-6,8.566137920794963e-8,-1.6196240811214986,0.0005500917855407346,0.9222567943545537,0.0,2.3685280405104163e-5,2.6166041482255393e-6,-7.508316193265967,0.026547662454042623,0.6828418724535473,0.0,-4.086297024294982e-6,2.9550142996315604e-7,-0.5997738978080546,-0.23224161336657254,0.13388855791225782,0.0,8.866750278370265e-8,-2.3487542239879407e-9,0.10527187980272001,0.014270769345743329,-0.0012836635801872986,0.0,1.8751734248653572e-7,-3.598468084526636e-10,-0.4614818655633042,0.008406687266620713,0.006816502778238125,0.0,-1.6084497236700737e-8,-4.294047712766454e-11,0.027852759074460873,0.0027525117656749284,-0.0002156526409067779,0.0,-2.0189132282082415e-8,-1.809799567447599e-11,-0.12509403504910163,0.0026222343248140977,0.001556442258179335,0.0,3.858685230942608e-9,-3.63495617406928e-12,0.009207014675597005,0.0010097050939834548,-7.172648190573698e-5,0.0
-2.0,0.02474747474747475,0.05,502.6548245743669,0.03,0.052,1.8406253846413966e-6,8.545785919126397e-8,-1.6196762696430256,0.0005486893661327575,0.9220851581495971,0.0,2.9601191740344434e-5,3.2700642102688963e-6,-9.385464923124886,0.033177318601951056,0.8533824437801576,0.0,-4.065710436878115e-6,2.947993579591936e-7,-0.6034381598633033,-0.23169303967601979,0.13380594349830963,0.0,1.1050612421621695e-7,-2.935322535583982e-9,0.13163279927553484,0.017834782866915144,-0.0016040203887343653,0.0,1.8519972560609802e-7,-3.5899185986105385e-10,-0.45952611637068214,0.008387265057381061,0.006814072045788791,0.0,-1.9961534649639487e-8,-5.3664257007673994e-11,0.03479129281188125,0.0034398716876373526,-0.00026947882975852694,0.0,-1.9472795268200055e-8,-1.8054997673993714e-11,-0.12465218725722209,0.0026158075443731056,0.0015559939153923865,0.0,4.748224813364825e-9,-4.5427354593118245e-12,0.011507474456042797,0.001261886543175877,-8.962979795735702e-5,0.0
-2.0,0.029696969696969697,0.05,502.6548245743669,0.03,0.052,1.8356687361678772e-6,8.52092805185709e-8,-1.6197400105029165,0.000546976409516635,0.9218754233868238,0.0,3.551350677156377e-5,3.923064757836648e-6,-11.26265998462768,0.039802146850579485,1.023809805516499,0.0,-4.0405676446449206e-6,2.9394184954480146e-7,-0.6079126235213771,-0.23102301312237483,0.13370500873015181,0.0,1.3212659520688697e-7,-3.5214783726741232e-9,0.1580222418883662,0.02139634984881482,-0.001924004739434774,0.0,1.8238096895804912e-7,-3.57947629143874e-10,-0.4571389807214647,0.008363539312078207,0.006811101408242899,0.0,-2.374355436549439e-8,-6.43804959567745e-11,0.04171349887287801,0.004126721095161968,-0.0003232470756953583,0.0,-1.8608062288862273e-8,-1.8002479357029617e-11,-0.12411185091232385,0.0026079608973001217,0.0015554459111517189,0.0,5.588806052001805e-9,-5.449876351887468e-12,0.013807028977914979,0.0015139048820702339,-0.00010751425638540542,0.0
-2.0,0.03464646464646464,0.05,502.6548245743669,0.03,0.052,1.8298158501716027e-6,8.491574380205714e-8,-1.6198152766799927,0.0005449535805734781,0.9216276157454562,0.0,4.14215157676734e-5,4.575515022573974e-6,-13.139910521198248,0.0464211933032924,1.1941013706554353,0.0,-4.010879778387848e-6,2.929292518066746e-7,-0.6131948488317683,-0.23023180462236528,0.13358577663133364,0.0,1.5348596995989932e-7,-4.107140256057567e-9,0.18444580271456146,0.024954986980350643,-0.0022435424070942674,0.0,1.7906934114908722e-7,-3.567145386598629e-10,-0.45432238309435147,0.008335517536540384,0.006807591020534587,0.0,-2.7412586482335734e-8,-7.508770445800033e-11,0.04861622081802171,0.004812959381191986,-0.0003769458281393061,0.0,-1.7601283648789377e-8,-1.7940462663504498e-11,-0.1234728530136737,0.002598699325851592,0.0015547982277570995,0.0,6.371751722414364e-9,-6.356252668780521e-12,0.016105455180661577,0.0017657275990058962,-0.00012537609773941385,0.0
-2.0,0.039595959595959594,0.05,502.6548245743669,0.03,0.052,1.8230692056086128e-6,8.457736777322476e-8,-1.6199020363010648,0.000542621665142352,0.9213417655614716,0.0,4.732451417667573e-5,5.227324852218895e-6,-15.01722560976307,0.053033510537706746,1.364234582113278,0.0,-3.976659970335056e-6,2.917619743051818e-7,-0.6192819589342184,-0.22931973386756785,0.13344827439413676,0.0,1.7454167408135408e-7,-4.692227263358102e-9,0.21090901745717722,0.028510214209130337,-0.002562559311631861,0.0,1.7527455708957995e-7,-3.55293086686305e-10,-0.4510785886471258,0.008303208598867682,0.006803541066069096,0.0,-3.095121653081309e-8,-8.578440265707849e-11,0.05549636095383596,0.005498486748894463,-0.0004305635572184319,0.0,-1.6459853023218456e-8,-1.7868972704818592e-11,-0.12273499547275302,0.002588028631874232,0.0015540508444112536,0.0,7.0889735205788e-9,-7.2617393827025235e-12,0.01840250791146756,0.0020173222470922384,-0.0001432115691480174,0.0
-2.0,0.04454545454545455,0.05,502.6548245743669,0.03,0.052,1.815431657674488e-6,8.419428918369704e-8,-1.6200002526491695,0.0005399815677273356,0.9210179078215133,0.0,5.322180347340589e-5,5.878404813410684e-6,-16.894614249527898,0.05963815848478788,1.5341869176937788,0.0,-3.937923343058951e-6,2.9044048880179744e-7,-0.6261706433713558,-0.22828716909105412,0.13329253337090058,0.0,1.9525156492425346e-7,-5.2766591144762244e-9,0.23741735287385157,0.032061555281879324,-0.0028809815421086816,0.0,1.7100774971275213e-7,-3.5368384789195673e-10,-0.4474101986386264,0.008266622732426888,0.0067989517568726315,0.0,-3.434267113115266e-8,-9.646912332297245e-11,0.06235088949929085,0.006183204345227366,-0.0004840887571984206,0.0,-1.5192153264827032e-8,-1.7788038411882068e-11,-0.12189805822326909,0.002575955459553316,0.0015532037372796093,0.0,7.733054711377469e-9,-8.16621214834765e-12,0.020697916905791182,0.00226865645934335,-0.00016101692540838647,0.0
-2.0,0.0494949494949495,0.05,502.6548245743669,0.03,0.052,1.8069064355528808e-6,8.376666271327859e-8,-1.6201098842008492,0.0005370343115137812,0.9206560821558675,0.0,5.9112692009213664e-5,6.528666291029626e-6,-18.77208535116374,0.06623420553503516,1.7039358950413357,0.0,-3.8946869964715085e-6,2.889653288816366e-7,-0.6338571619348666,-0.22713452679085425,0.13311858906402604,0.0,2.155739913226041e-7,-5.860356267114472e-9,0.2639761973619497,0.03560853827283738,-0.003198735380692478,0.0,1.6628143763544528e-7,-3.518874723635013e-10,-0.44332014518249263,0.008225771532439481,0.0067938233337646895,0.0,-3.757090054145679e-8,-1.0714041204604183e-10,0.06917685347522276,0.006867014389029925,-0.0005375099499042666,0.0,-1.38074949765648e-8,-1.7697692142850066e-11,-0.1209618027216262,0.0025624872730284475,0.0015522568795604595,0.0,8.297325896277103e-9,-9.069547828277413e-12,0.022991384080763674,0.0025196979648400533,-0.00017878843007478238,0.0
-2.0,0.05444444444444444,0.05,502.6548245743669,0.03,0.052,1.7974971400008779e-6,8.329466084969441e-8,-1.6202308846536344,0.0005337810374924847,0.9202563328305091,0.0,6.499649583851758e-5,7.1780215881947054e-6,-20.649647726121383,0.07282072957897696,1.8734590765821115,0.0,-3.846969993502515e-6,2.873370895617211e-7,-0.6423373490015719,-0.2258622714173187,0.13292648111465882,0.0,2.3546785234368025e-7,-6.443240001232321e-9,0.29059085169877585,0.0391506961109284,-0.0035157473265358184,0.0,1.6110948874547638e-7,-3.4990468400587716e-10,-0.43881168535543574,0.008180667955851824,0.0067881560665532525,0.0,-4.062065763890538e-8,-1.1779682957354555e-10,0.07597138525575013,0.007549820299677348,-0.0005908156881322403,0.0,-1.2316048250906817e-8,-1.759797055271013e-11,-0.11992597586073481,0.002547632333388545,0.001551210241562902,0.0,8.775933154479801e-9,-9.971624799044395e-12,0.02528258113720632,0.0027704146075075873,-0.00019652235654187193,0.0
-2.0,0.059393939393939395,0.05,502.6548245743669,0.03,0.052,1.7872077404726113e-6,8.277847375726535e-8,-1.620363202962338,0.0005302230037986397,0.9198187087382234,0.0,7.087253955468427e-5,7.826384025306734e-6,-22.52731007557883,0.079396819076266,2.0427340744511264,0.0,-3.7947933436944143e-6,2.855564268470591e-7,-0.6516066183480198,-0.22447091502515118,0.13271625329005562,0.0,2.5489265534627975e-7,-7.025232509680496e-9,0.3172665199934533,0.04268756710484507,-0.003831944119568826,0.0,1.5550707992517336e-7,-3.477362822038734e-10,-0.4338883946402218,0.00813132632199072,0.006781950254252877,0.0,-4.3477573029564104e-8,-1.2843695344998968e-10,0.08273171079312397,0.00823152682386744,-0.0006439945590495272,0.0,-1.0728768139239998e-8,-1.7488913853868818e-11,-0.1187903142105502,0.002531399673221016,0.001550063790794999,0.0,9.163897835362984e-9,-1.0872322438406894e-11,0.02757114754324825,0.0030207743670506667,-0.00021421498912607326,0.0
-2.0,0.06434343434343434,0.05,502.6548245743669,0.03,0.052,1.776042572169618e-6,8.221830913651087e-8,-1.6205067833802176,0.0005263615852091089,0.9193432633887934,0.0,7.674015709732244e-5,8.473668037521839e-6,-24.405080980447735,0.08596157397911536,2.2117385554043905,0.0,-3.7381799855301615e-6,2.8362405723457126e-7,-0.661659968506963,-0.22296101689152448,0.13248795346964076,0.0,2.738085728908813e-7,-7.606256986069749e-9,0.344008300787663,0.046218695457224894,-0.004147252764186894,0.0,1.4949065298517272e-7,-3.453831399600505e-10,-0.4285541598023282,0.008077762309178976,0.006775206225323269,0.0,-4.612822583736411e-8,-1.3905937944591174e-10,0.08945515741440861,0.008912040157073815,-0.0006970351875817761,0.0,-9.057314341488133e-9,-1.7370565942544103e-11,-0.11755454860964837,0.002513799067281398,0.001548817492059729,0.0,9.457167403285611e-9,-1.1771521746185521e-11,0.029856688885377892,0.0032707453805138247,-0.00023186262414158897,0.0
-2.0,0.06929292929292928,0.05,502.6548245743669,0.03,0.052,1.7640063325790193e-6,8.161439207215061e-8,-1.620661565506286,0.0005221982706856896,0.9188300548982709,0.0,8.25986925720874e-5,9.11978927136668e-6,-26.282968891393995,0.09251410673897,2.380450245714076,0.0,-3.677154766679351e-6,2.8154075717286064e-7,-0.672491988565178,-0.22133318309598385,0.1322416336297566,0.0,2.921764986429725e-7,-8.186237713910515e-9,0.3708211784776544,0.04974363177885578,-0.004461600552832251,0.0,1.4307786691598325e-7,-3.428462014460088e-10,-0.42281317108702504,0.008019992953860173,0.006767924337931204,0.0,-4.856020990759535e-8,-1.4966272374305058e-10,0.09613916124128133,0.009591268065909804,-0.0007499262397846674,0.0,-7.313965722420239e-9,-1.7242973903414968e-11,-0.11621840902077936,0.0024948410038019534,0.0015474713075610328,0.0,9.652656821432534e-9,-1.2669106016150975e-11,0.03213877563698947,0.0035202959686814602,-0.0002494615709732527,0.0
-2.0,0.07424242424242423,0.05,502.6548245743669,0.03,0.052,1.7511040779019206e-6,8.096696485345585e-8,-1.6208274843168695,0.0005177346639732788,0.9182791459773271,0.0,8.844750103323739e-5,9.764664680398024e-6,-28.16098211699614,0.09905354337995152,2.5488469360453556,0.0,-3.6117444230966316e-6,2.793073624893054e-7,-0.6840968644055025,-0.2195880660648304,0.13197734982711662,0.0,3.099581020749042e-7,-8.765100144948758e-9,0.3977100148740574,0.05326193359228667,-0.004774915089451698,0.0,1.3628754664526213e-7,-3.4012648539942794e-10,-0.41666991390874836,0.00795803665090842,0.006760104980233296,0.0,-5.076219502791845e-8,-1.6024562283594907e-10,0.1027812741290355,0.010269120006470844,-0.0008026564262022912,0.0,-5.5115302953853736e-9,-1.7106189739306835e-11,-0.11478162966147973,0.0024745366523956955,0.0015460251970177653,0.0,9.748280039814369e-9,-1.356495955734199e-11,0.034416942353572545,0.003769394663280562,-0.0002670081531433229,0.0
-2.0,0.07919191919191919,0.05,502.6548245743669,0.03,0.052,1.7373412190575605e-6,8.027628680347687e-8,-1.6210044702341193,0.0005129724809347918,0.9176906039186805,0.0,9.42859492822511e-5,1.0408212619161505e-5,-30.039128815000424,0.1055790243161015,2.716906486313822,0.0,-3.54197755596387e-6,2.76924767752183e-7,-0.6964683854851269,-0.2177263640846166,0.13169516218096472,0.0,3.271158818965934e-7,-9.342770993719889e-9,0.42467954114776785,0.056773165831755595,-0.005087124312828321,0.0,1.291396284450471e-7,-3.372250811710924e-10,-0.4101291599079708,0.007891913149522239,0.006751748570679782,0.0,-5.272398293774231e-8,-1.7080673717651277e-10,0.10937917015403185,0.01094550723857287,-0.0008552145052066702,0.0,-3.663251294956704e-9,-1.6960267507262476e-11,-0.11324395432224142,0.0024528978307826054,0.0015444791177869706,0.0,9.742971262305456e-9,-1.4458968902359431e-11,0.03669068730697994,0.004018010236647914,-0.000284498709374424,0.0
-2.0,0.08414141414141413,0.05,502.6548245743669,0.03,0.052,1.7227235175849488e-6,7.954263407563849e-8,-1.6211924491703098,0.0005079135498286181,0.917064500583619,0.0,0.00010011341662546428,1.105035293547222e-5,-31.9174169820344,0.11208970556707434,2.884606830521193,0.0,-3.467884607531865e-6,2.7439392559412824e-7,-0.7095999520550151,-0.21574882076954305,0.13139513485395193,0.0,3.436132181020332e-7,-9.919178311573378e-9,0.4517343499302496,0.060276901331286464,-0.00539815651976978,0.0,1.2165510214421447e-7,-3.3414314897077925e-10,-0.40319595755264354,0.00782164355200258,0.006742855558340171,0.0,-5.443655779160454e-8,-1.8134475137495117e-10,0.11593065156968878,0.011620342939152768,-0.0009075892863201537,0.0,-1.7827100652103635e-9,-1.6805265990263275e-11,-0.1116051418807553,0.0024299369705582823,0.0015428330249951997,0.0,9.636695790378881e-9,-1.5351022712318674e-11,0.03895947256179835,0.004266111735100746,-0.0003019295946454136,0.0
-2.0,0.0890909090909091,0.05,502.6548245743669,0.03,0.052,1.7072570810464818e-6,7.87662994521651e-8,-1.6213913425881241,0.0005025598089161451,0.9164009123876049,0.0,0.00010592929564321033,1.1691007061780696e-5,-33.7958544436152,0.11858475942000561,3.0519259815687168,0.0,-3.389497834921745e-6,2.7171584599941557e-7,-0.7234845827997101,-0.213656224510714,0.1310773360317341,0.0,3.59414422640477e-7,-1.0494251573986254e-8,0.47887888782404275,0.0637727213081036,-0.005707940388151989,0.0,1.1385595032362707e-7,-3.3088191806772994e-10,-0.39587562215378175,0.007747250309293127,0.006733426423248833,0.0,-5.5892130894462296e-8,-1.918583758438533e-10,0.1224336542703039,0.012293542309033076,-0.0009597696335192337,0.0,1.1627355841075786e-10,-1.6641247099732697e-11,-0.10986497192537759,0.002405667080606686,0.0015410868716788538,0.0,9.430450313465561e-9,-1.6241011950476538e-11,0.041222724516602506,0.004513668512979926,-0.00031929718124250285,0.0
-2.0,0.09404040404040404,0.05,502.6548245743669,0.03,0.052,1.6909483583507443e-6,7.794759211187548e-8,-1.621601067563133,0.0004969133054344513,0.9156999202849787,0.0,0.00011173299292586087,1.2330098105207742e-5,-35.67444884555707,0.1250633755677124,3.218842036046177,0.0,-3.3068512826671966e-6,2.6889159554613406e-7,-0.7381149229849526,-0.21144940787255767,0.13074183790130275,0.0,3.744847884589046e-7,-1.1067921759344449e-8,0.5061174481548361,0.06726021584184386,-0.006016404999799798,0.0,1.0576508467356287e-7,-3.2744268778244024e-10,-0.38817372545432366,0.007668757222190677,0.006723461676770831,0.0,-5.7084179437491383e-8,-2.023463495046533e-10,0.12888625268324366,0.012965022681546581,-0.0010117444685153953,0.0,2.0197426316295543e-9,-1.6468275408406344e-11,-0.10802325047954314,0.0023801017120655145,0.0015392406089328103,0.0,9.126252660683395e-9,-1.7128829979932714e-11,0.04347983488630982,0.00476065027156357,-0.0003365978598036626,0.0
-2.0,0.098989898989899,0.05,502.6548245743669,0.03,0.052,1.6738041346526414e-6,7.708683741603737e-8,-1.6218215368386588,0.0004909761932414104,0.9149616097527595,0.0,0.00011752392980124169,1.296755093373546e-5,-37.55320764247727,0.1315247618391974,3.385333178995308,0.0,-3.219980753586724e-6,2.6592229658577226e-7,-0.7534832529326968,-0.20912924697667837,0.13038871662805523,0.0,3.887906370381691e-7,-1.1640121426735845e-8,0.5334541640866236,0.07073898433028408,-0.006323479863203523,0.0,9.740627971679054e-8,-3.238268240693647e-10,-0.380096084728574,0.007586189431356521,0.006712961861987857,0.0,-5.8007479079031306e-8,-2.1280743835383276e-10,0.13528666411962062,0.013634703620204197,-0.001063502774017102,0.0,3.913705502787741e-9,-1.6286420672931052e-11,-0.1060798157589929,0.002353254919422972,0.0015372941860674685,0.0,8.727121102414613e-9,-1.801437219243419e-11,0.04573016214714795,0.005007027097604741,-0.0003538280403556349,0.0
-2.0,0.10393939393939394,0.05,502.6548245743669,0.03,0.052,1.6558315261657225e-6,7.618437663754364e-8,-1.62205265891126,0.0004847507328012539,0.9141860707735473,0.0,0.00012330154304138327,1.3603292263913339e-5,-39.43213809094682,0.13796814526017145,3.551377688646198,0.0,-3.12892377814657e-6,2.628091264110643e-7,-0.7695814970847803,-0.2066966608257506,0.13001805233161381,0.0,4.0229936414221685e-7,-1.2210784793737292e-8,0.5608930020546705,0.07420863595528657,-0.006629094936055433,0.0,8.880410411714267e-8,-3.2003576167149937e-10,-0.3716487514951672,0.007499573419989811,0.006701927554104217,0.0,-5.8658130212293135e-8,-2.2324044007790523e-10,0.14163325252360545,0.014302507020460263,-0.0011150335969668356,0.0,5.784238496477309e-9,-1.6095754603204326e-11,-0.1040345439323228,0.002325141224005318,0.0015352475507731467,0.0,8.237043414729653e-9,-1.8897536639600083e-11,0.0479730334024662,0.005252769506958808,-0.00037098415334512835,0.0
-2.0,0.10888888888888888,0.05,502.6548245743669,0.03,0.052,1.6370379744202788e-6,7.5240566718836e-8,-1.6222943380916304,0.0004782392886291182,0.9133733978175346,0.0,0.00012906528556758383,1.4237250743788648e-5,-41.31124723964644,0.14439277283387775,3.71695394112508,0.0,-3.0337195821056038e-6,2.5955331635151087e-7,-0.7864012333228123,-0.20415261061649487,0.1296299290604068,0.0,4.1497948384026235e-7,-1.2779847812590649e-8,0.588437755654947,0.07766879012281434,-0.006933180647600756,0.0,7.998384969481126e-8,-3.1607099963514064e-10,-0.3628379997538215,0.007408937004684132,0.006690359360870272,0.0,-5.903357779042587e-8,-2.336441842932095e-10,0.14792453166872344,0.01496835720121944,-0.0011663260517549548,0.0,7.617588141114066e-9,-1.589635233000423e-11,-0.10188735482369013,0.002295775575313093,0.001533100649294128,0.0,7.660936033703748e-9,-1.977822447841207e-11,0.05020774669141101,0.005497848487989884,-0.00038806265066111743,0.0
-2.0,0.11383838383838385,0.05,502.6548245743669,0.03,0.052,1.6174312405135427e-6,7.425578000036078e-8,-1.6225464745746117,0.00047144432719942593,0.9125236898236284,0.0,0.00013481462711239974,1.486935703447363e-5,-43.190541920123685,0.1507979123984922,3.8820404151322574,0.0,-2.9344090530294597e-6,2.561561508359871e-7,-0.8039337027639735,-0.2014980990102865,0.12922443476501683,0.0,4.26800670687696e-7,-1.3347248242887024e-8,0.6160920397728535,0.0811190768974943,-0.0072356679207932866,0.0,7.097145847451371e-8,-3.1193410210226e-10,-0.3536703139520258,0.007314309330706799,0.006678257923027257,0.0,-5.913262460183956e-8,-2.4401753236660577e-10,0.15415916771813293,0.015632180995268464,-0.0012173693234071704,0.0,9.400272152443863e-9,-1.568829273034405e-11,-0.0996382175426794,0.0022651733130847527,0.00153085342660944,0.0,7.004593707487888e-9,-2.0656339240135465e-11,0.0524335736906726,0.005742235548556184,-0.00040506000665037865,0.0
-2.0,0.11878787878787879,0.05,502.6548245743669,0.03,0.052,1.5970193990405302e-6,7.323040392944082e-8,-1.6228089645309214,0.00046436841586176597,0.9116370501796922,0.0,0.00014054905487683134,1.549954389083931e-5,-45.07002873922652,0.15718285345432795,4.046615696588692,0.0,-2.8310347050859375e-6,2.5261896642832365e-7,-0.8221698199869705,-0.19873416936983399,0.12880166127031045,0.0,4.377337999798858e-7,-1.3912925721990057e-8,0.6438592851752841,0.08455913742930857,-0.007536488194245941,0.0,6.179344795735978e-8,-3.0762669689810634e-10,-0.3441523765793511,0.00721572086728707,0.006665623914766746,0.0,-5.895543796490142e-8,-2.543593809994066e-10,0.16033598119136683,0.01629390783548974,-0.0012681526707466137,0.0,1.1119178473404379e-8,-1.5471657908750427e-11,-0.09728715596290997,0.0022333501297699837,0.001528505826621158,0.0,6.274630142366221e-9,-2.1531787352935423e-11,0.05464976280377339,0.00598590276419055,-0.0004219727191241449,0.0
-2.0,0.12373737373737373,0.05,502.6548245743669,0.03,0.052,1.5758108316524369e-6,7.216484077297515e-8,-1.62308170018542,0.0004570142204849494,0.9107135867019074,0.0,0.00014626807417054442,1.612774623827964e-5,-46.94971407090734,0.16354690803790708,4.210658483249768,0.0,-2.723640642372661e-6,2.489431507925545e-7,-0.8411001835728721,-0.1958619049645058,0.12836170424636142,0.0,4.477509859783531e-7,-1.4476821837997753e-8,0.6717427335355429,0.08798862436457172,-0.007835573443966397,0.0,5.247683475588338e-8,-3.0315047249996145e-10,-0.33429105542966897,0.007113203399652279,0.006652458044211477,0.0,-5.8503549789191745e-8,-2.646686625104121e-10,0.16645394833722366,0.01695346983599262,-0.0013186654295271134,0.0,1.2761661656128056e-8,-1.5246532493690687e-11,-0.09483425402515425,0.0022003220330177858,0.0015260577923516074,0.0,5.478410289463145e-9,-2.2404479019238242e-11,0.056855542608858944,0.00622882282800655,-0.0004387973103564732,0.0
-2.0,0.12868686868686868,0.05,502.6548245743669,0.03,0.052,1.5538142204518522e-6,7.105950730084519e-8,-1.623364569890103,0.00044938450347711736,0.9097534116132652,0.0,0.00015197120901862322,1.6753901248718287e-5,-48.829604047340744,0.16988941137141014,4.374147589284982,0.0,-2.6122725210112877e-6,2.4513014165643805e-7,-0.8607150870201533,-0.19288242814767798,0.12790466317817673,0.0,4.568256181582375e-7,-1.5038880193641547e-8,0.6997454327857757,0.09140720224849584,-0.008132856204872274,0.0,4.304905694783049e-8,-2.985071814623556e-10,-0.32409339065655857,0.007006790024334578,0.0066387610539108445,0.0,-5.777985001319272e-8,-2.749443456186125e-10,0.17251220187236743,0.01761080186974162,-0.0013688970155383354,0.0,1.4315635829713412e-8,-1.5013004561626714e-11,-0.09227966083251748,0.0021661053091335705,0.0015235092661469137,0.0,4.623974921394604e-9,-2.3274326275034643e-11,0.059050125630218095,0.006470969102051674,-0.0004555303280737248,0.0
-2.0,0.13363636363636364,0.05,502.6548245743669,0.03,0.052,1.531038541114808e-6,6.99148344773466e-8,-1.6236574582255219,0.00044148212253760613,0.9087566415211951,0.0,0.00015765800275792182,1.7377948412404838e-5,-50.709704552298,0.17620972275164348,4.5370619498221485,0.0,-2.4969775096260273e-6,2.4118142568721586e-7,-0.8810045300671238,-0.18979689949815062,0.12743064133423523,0.0,4.649323952627624e-7,-1.55990464730376e-8,0.7278702329672793,0.09481454790724192,-0.00842826959207305,0.0,3.3537895313970796e-8,-2.936986336551772e-10,-0.31356658155124895,0.006896515136185076,0.006624533721354112,0.0,-5.678857346584573e-8,-2.8518543728645735e-10,0.17851003112729819,0.01826584163943882,-0.0014188369276803795,0.0,1.5769663640220953e-8,-1.4771165283663582e-11,-0.08962359546776337,0.002130716486325285,0.0015208601898883867,0.0,3.7199582899177415e-9,-2.4141245331359585e-11,0.06123271240277244,0.006712315669032618,-0.0004721683464341725,0.0
-2.0,0.13858585858585856,0.05,502.6548245743669,0.03,0.052,1.5074930558177373e-6,6.873126712617486e-8,-1.6239602460937081,0.000433310026949831,0.9077233973943283,0.0,0.00016332801860031808,1.7999829608779828e-5,-52.590021213698954,0.18250722619721083,4.699380625454695,0.0,-2.377804248644315e-6,2.3709853736778643e-7,-0.9019582303406214,-0.18660651693174382,0.12693974573386413,0.0,4.7204735721015003e-7,-1.6157268505383852e-8,0.756119782456284,0.0982103508279577,-0.008721747321912523,0.0,2.3971393735866543e-8,-2.8872669719241017e-10,-0.3027179731628786,0.006782414423051219,0.006609776859500069,0.0,-5.553528021013046e-8,-2.953909838142628e-10,0.18444688157553357,0.018918529747591263,-0.0014684747510067778,0.0,1.7113040468632934e-8,-1.4521108675260402e-11,-0.0868663515243859,0.0020941723012604264,0.001518110505210936,0.0,2.7754996927165474e-9,-2.5005155485763783e-11,0.06340249578952002,0.006952837386554216,-0.0004887079669987263,0.0
-2.0,0.14353535353535354,0.05,502.6548245743669,0.03,0.052,1.4831873057989306e-6,6.750926358840451e-8,-1.6242728108055489,0.0004248712574285367,0.9066538045384158,0.0,0.00016898084017960986,1.8619489173842403e-5,-54.47055939625702,0.1887813312188315,4.861082806710693,0.0,-2.2548028081420157e-6,2.3288305781155635e-7,-0.9235656352880858,-0.18331251478340066,0.12643208711344742,0.0,4.781479147400706e-7,-1.6713496324946262e-8,0.7844965246770835,0.1015943135156886,-0.00901322373276407,0.0,1.4377778935277071e-8,-2.835932977398687e-10,-0.2915550427208573,0.006664524853706131,0.00659449131732133,0.0,-5.402682946920606e-8,-3.0556007174639135e-10,0.19032235377862128,0.01956880975792309,-0.0015178001597370744,0.0,1.8335873340385155e-8,-1.4262931362357526e-11,-0.08400830130002361,0.0020564896637988734,0.001515260153728833,0.0,1.8001498667861656e-9,-2.5865979457265597e-11,0.065558665519259,0.007192509939510128,-0.000505145819691299,0.0
-2.0,0.14848484848484847,0.05,502.6548245743669,0.03,0.052,1.458131103670537e-6,6.624929537017255e-8,-1.6245950261753415,0.00041616894188016036,0.905547992571391,0.0,0.00017461607207770386,1.923687396501194e-5,-56.35132419467585,0.19503147344448518,5.022147818482575,0.0,-2.1280246442845326e-6,2.2853661355036437e-7,-0.9458159344488757,-0.17991616285783563,0.1259077798914975,0.0,4.832128768086218e-7,-1.726768222817869e-8,0.8130026952653536,0.10496615184149859,-0.00930263380556728,0.0,4.785379864251274e-9,-2.783004161641964e-10,-0.28008538593142185,0.006542884668138252,0.006578677980364806,0.0,-5.227134729043489e-8,-3.156918287753568e-10,0.19613620174639537,0.020216628255726732,-0.0015668029202324783,0.0,1.942915394358822e-8,-1.3996733323299555e-11,-0.08104989961732056,0.0020176856263386467,0.0015123090772674805,0.0,8.037731481174963e-10,-2.6723643229843964e-11,0.06770041289518423,0.007431309895262286,-0.0005214785637486023,0.0
-2.0,0.15343434343434345,0.05,502.6548245743669,0.03,0.052,1.432334525706679e-6,6.495184678042115e-8,-1.6249267626359918,0.00040720629401602595,0.9044060953976011,0.0,0.00018023334030803454,1.985193342342446e-5,-58.23232042799527,0.20125711523660975,5.182555124415653,0.0,-1.9975225547664803e-6,2.2406087527796898e-7,-0.9686980720832743,-0.17641876545396853,0.12536694213259364,0.0,4.872224755604469e-7,-1.7819780833579135e-8,0.841640319629655,0.10832559537457746,-0.009589913184099429,0.0,-4.7774530006498405e-9,-2.728500867087634e-10,-0.26831670323328893,0.006417533364137418,0.006562337771326396,0.0,-5.027818807626124e-8,-3.2578542548002233e-10,0.2018883307031788,0.020861934900196784,-0.0016154728939410728,0.0,2.038482521620845e-8,-1.372261641789774e-11,-0.077991687248026,0.001977777351860845,0.001509257218102536,0.0,-2.0355360587490306e-10,-2.757807681947991e-11,0.0698269356301737,0.007669214756154311,-0.000537702888659411,0.0
-2.0,0.15838383838383838,0.05,502.6548245743669,0.03,0.052,1.4058079036898943e-6,6.361741455484296e-8,-1.6252678873300026,0.00039798661172656016,0.9032282511812003,0.0,0.00018583229278418265,2.046461963233137e-5,-60.11355263247719,0.20745774645986492,5.342284331254778,0.0,-1.863350632832918e-6,2.1945755655288568e-7,-0.9922007599968371,-0.17282166035383328,0.12480969551020478,0.0,4.90158388971436e-7,-1.8369749127539013e-8,0.8704112110139071,0.11167238769443467,-0.009874998194975984,0.0,-1.4282428276652661e-8,-2.6724439646659535e-10,-0.2562567859590695,0.006288511684092579,0.006545471650638846,0.0,-4.80578902089095e-8,-3.3584007501861345e-10,0.20757879431299495,0.02150468247397093,-0.001663800040304788,0.0,2.1195841036348545e-8,-1.3440686135105125e-11,-0.07483429390993951,0.0019367820852939173,0.0015061045192052308,0.0,-1.2116442891047857e-9,-2.8429213301557617e-11,0.07193744277092187,0.007906203013360648,-0.0005538155150929733,0.0
-2.0,0.16333333333333333,0.05,502.6548245743669,0.03,0.052,1.3785618165252909e-6,6.22465074702379e-8,-1.6256182642284034,0.0003885132729126191,0.9020146023187183,0.0,0.00019141259977018213,2.1074887374134912e-5,-61.995025057397385,0.213632884902844,5.501315193147417,0.0,-1.72556421988486e-6,2.1472841247831252e-7,-1.016312490702947,-0.1691262177891592,0.12423616526841408,0.0,4.92003761018622e-7,-1.8917546522618467e-8,0.8993169690756665,0.11500628669766955,-0.010157825867366799,0.0,-2.3701393918918444e-8,-2.614854820801908e-10,-0.24391350245999588,0.006155861601640974,0.0065280806170738715,0.0,-4.562212599272705e-8,-3.458550359399968e-10,0.21320779137261547,0.022144826927900457,-0.0017117744196295422,0.0,2.1856218581773966e-8,-1.315104936153393e-11,-0.0715784407982414,0.0018947171268057644,0.0015028509244942054,0.0,-2.2103079690292695e-9,-2.927699028365521e-11,0.07403115965865084,0.008142254199397606,-0.0005698131958161336,0.0
-2.0,0.16828282828282826,0.05,502.6548245743669,0.03,0.052,1.3506070816761417e-6,6.083964595005668e-8,-1.6259777542242957,0.00037878973474348717,0.9007652954108146,0.0,0.00019697395428591434,2.1682694182469076e-5,-63.87674165804577,0.2197820769580859,5.659627615902088,0.0,-1.584219857240828e-6,2.0987523833202885e-7,-1.041021550756822,-0.16533383937769006,0.12364648018255606,0.0,4.927432193722899e-7,-1.9463134898053603e-8,0.9283589788613713,0.1183270648759352,-0.010438333952427414,0.0,-3.300641684584643e-8,-2.555755301057169e-10,-0.2312947842819853,0.006019626304794879,0.0065101657083563936,0.0,-4.298364613338062e-8,-3.5582961103182217e-10,0.21877566197137302,0.02278232741916701,-0.00175938619591995,0.0,2.2361082964503947e-8,-1.2853816588700722e-11,-0.06822494265522588,0.0018515998058389255,0.0014994963790927647,0.0,-3.18945339670665e-9,-3.012134852740582e-11,0.07610733288173752,0.008377348938867955,-0.0005856927165979441,0.0
-2.0,0.17323232323232324,0.05,502.6548245743669,0.03,0.052,1.3219547465248154e-6,5.939736166172228e-8,-1.6263462152600987,0.0003688195290240757,0.8994804812332173,0.0,0.00020251607248078531,2.228800039234302e-5,-65.75870609146779,0.2259048979961687,5.817201661200789,0.0,-1.4393752366985552e-6,2.0489986817118407e-7,-1.0663160344378517,-0.16144595703580403,0.12304077251878737,0.0,4.923628905763682e-7,-2.0006478650405565e-8,0.9575384102314782,0.12163450958696324,-0.010716460942427028,0.0,-4.216986165681226e-8,-2.4951677421343736e-10,-0.21840861242402704,0.005879850179800707,0.006491728001790809,0.0,-4.015621907340577e-8,-3.6576314905137346e-10,0.2242828831484806,0.023417146346290444,-0.0018066256396726316,0.0,2.2706703824875562e-8,-1.2549100129581516e-11,-0.06477470933506113,0.0018074474585594155,0.0014960408295926668,0.0,-4.1391925399149826e-9,-3.0962232751516655e-11,0.07816523516867767,0.00861146899836084,-0.0006014508971036593,0.0
-2.0,0.1781818181818182,0.05,502.6548245743669,0.03,0.052,1.2926160792286401e-6,5.792019709237965e-8,-1.6267235024464928,0.00035860626202451805,0.8981603147068644,0.0,0.0002080386940026858,2.2890769186781068e-5,-67.64092171277167,0.23200095309504626,5.97401755076431,0.0,-1.291089149636736e-6,1.998041733958958e-7,-1.092183857577707,-0.1574640318519176,0.12241917799260271,0.0,4.908504126281782e-7,-2.0547544731326758e-8,0.986856217900782,0.12492842330458402,-0.010992146089580932,0.0,-5.1164468303828426e-8,-2.4331149259238226e-10,-0.20526300359401076,0.005736578793260343,0.006472768614898848,0.0,-3.715456548156053e-8,-3.7565504676258827e-10,0.22973006410436242,0.024049249379084054,-0.0018534831306317083,0.0,2.2890523657666354e-8,-1.223701379175704e-11,-0.06122874685224508,0.0017622774065697644,0.001492484224323329,0.0,-5.049942085249715e-9,-3.17995924264076e-11,0.08020417018452643,0.008844597334549533,-0.0006170845917749265,0.0
-2.0,0.18313131313131312,0.05,502.6548245743669,0.03,0.052,1.2626025595272565e-6,5.6408705135317134e-8,-1.6271094681543659,0.0003481536091898351,0.8968049548672453,0.0,0.00021354158230495974,2.3490966639054093e-5,-69.52339156789891,0.23806987719693262,6.130055670469067,0.0,-1.139421435534688e-6,1.945900612899977e-7,-1.118612771526445,-0.15338955295775558,0.12178183572631565,0.0,4.881949450718709e-7,-2.1086302685901074e-8,1.0163131417832996,0.12820862384657802,-0.011265329424563104,0.0,-5.99634283945054e-8,-2.3696200898371e-10,-0.19186599667660761,0.00558985887163681,0.00645328870606805,0.0,-3.399428820332428e-8,-3.8550474619373444e-10,0.23511794095246769,0.02467860548181239,-0.0018999491605025782,0.0,2.291117760231535e-8,-1.191767551960986e-11,-0.057588157923814366,0.001716106938145418,0.001488826513626434,0.0,-5.912521862209368e-9,-3.263337958609738e-11,0.08222347717906088,0.00907671813914379,-0.0006325906906985966,0.0
-2.0,0.18808080808080807,0.05,502.6548245743669,0.03,0.052,1.2319258693977857e-6,5.486344864932512e-8,-1.6275039621730962,0.00033746531464630197,0.8954145648329628,0.0,0.00021902452494447955,2.408856175241244e-5,-71.4061183929131,0.24411133583478276,6.285296574414491,0.0,-9.844329290439006e-7,1.8925947350604796e-7,-1.1455903774858904,-0.14922403634567233,0.12112888820551948,0.0,4.843871763374838e-7,-2.1622724691550404e-8,1.0459097079455275,0.1314749445905393,-0.011535951774705594,0.0,-6.854045986452873e-8,-2.304706865525687e-10,-0.1782256393132473,0.0054397382799230365,0.006433289475209852,0.0,-3.06917980631919e-8,-3.953117395274579e-10,0.24044737105106936,0.025305186933557818,-0.001946014335624871,0.0,2.276850463606889e-8,-1.1591203639246901e-11,-0.05385414195913666,0.001668953291473638,0.00148506765013572,0.0,-6.718249227671356e-9,-3.3463551874232864e-11,0.08422253543710304,0.009307816882334426,-0.0006479661204618341,0.0
-2.0,0.19303030303030302,0.05,502.6548245743669,0.03,0.052,1.2005978833510831e-6,5.3285000013420685e-8,-1.6279068318047112,0.0003265451866782514,0.8939893117735136,0.0,0.00022448733383227112,2.468352649636386e-5,-73.28910460712206,0.2501250252555646,6.4397209889395075,0.0,-8.261854063677788e-7,1.8381438456312166e-7,-1.1731041407892442,-0.14496902368808606,0.12046048123454924,0.0,4.794193285878433e-7,-2.215678558745315e-8,1.075646229940431,0.13472723466985861,-0.011803954781868988,0.0,-7.686987989506918e-8,-2.2383993033781588e-10,-0.16434997469079773,0.005286266002281348,0.006412772164427631,0.0,-2.7264235859427604e-8,-4.050755666665451e-10,0.24571932696983462,0.025928969343292443,-0.0019916693796010287,0.0,2.246355003177775e-8,-1.1257718653520986e-11,-0.05002799453274495,0.0016208336409202452,0.0014812075890619026,0.0,-7.459028397908945e-9,-3.429007020429739e-11,0.08620076850333694,0.009537880352816611,-0.0006632078449943139,0.0
-2.0,0.197979797979798,0.05,502.6548245743669,0.03,0.052,1.1686306587620668e-6,5.1673940683292595e-8,-1.62831792199793,0.0003153970959435742,0.8925293668762998,0.0,0.000229929845443453,2.527583583716493e-5,-75.17235230893306,0.25611067291979744,6.593309816587177,0.0,-6.647415308083833e-7,1.7825680026730157e-7,-1.2011414054441103,-0.14062608112023864,0.11977676389095814,0.0,4.73285159819762e-7,-2.2688462901046987e-8,1.105522810596504,0.1379653591391182,-0.012069280919980798,0.0,-8.492667572473705e-8,-2.1707218337457624e-10,-0.1502470285904167,0.005129492114308019,0.0063917380586926585,0.0,-2.372939095823144e-8,-4.147958162681268e-10,0.25093489007830033,0.0265499316575054,-0.002036905135883879,0.0,2.1998559102657507e-8,-1.0917344325148754e-11,-0.046111106318973825,0.0015717650844615037,0.0014772462884825278,0.0,-8.127433868539734e-9,-3.5112899373399463e-11,0.08815764812570001,0.009766896694222807,-0.0006783128663967205,0.0
-2.0,0.20292929292929293,0.05,502.6548245743669,0.03,0.052,1.1360364256726148e-6,5.0030860725412974e-8,-1.628737075479763,0.0003040249719964661,0.8910349053128835,0.0,0.0002353519210255824,2.5865467766753483e-5,-77.05586327242244,0.26206803774497606,6.746044140016283,0.0,-5.001647969147668e-7,1.7258875613878987e-7,-1.2296894087407142,-0.136196798003347,0.11907788847902777,0.0,4.65979963347497e-7,-2.3217736878554026e-8,1.1355393444107535,0.14118919913410652,-0.01233187351223523,0.0,-9.268657324203134e-8,-2.101699238021233e-10,-0.13592479659836493,0.004969467760505781,0.006370188486528369,0.0,-2.0105616924362957e-8,-4.244721275868247e-10,0.2560952438571329,0.0271680561663696,-0.0020817125703168765,0.0,2.1376962313455217e-8,-1.0570204797465665e-11,-0.04210496148303423,0.001521764634463754,0.0014731837096360512,0.0,-8.716787053037472e-9,-3.593200921542258e-11,0.09009269789346454,0.009994855439023296,-0.0006932782257556658,0.0
-2.0,0.20787878787878789,0.05,502.6548245743669,0.03,0.052,1.1028275769522198e-6,4.835635835258924e-8,-1.6291641328801696,0.00029243280025608457,0.8895061062044902,0.0,0.0002407534467100107,2.645240332594028e-5,-78.93963893897472,0.2679969103604293,6.897905225858796,0.0,-3.325194748875025e-7,1.66812315814585e-7,-1.2587352959507825,-0.13168278567806332,0.11836401048233529,0.0,4.5750056461592974e-7,-2.3744590500249688e-8,1.1656955201137464,0.14439865199743385,-0.01259167674794507,0.0,-1.001261030256728e-7,-2.0313566477818075e-10,-0.1213912317826988,0.004806245128172149,0.006348124820701238,0.0,-1.641174455407497e-8,-4.341041896157148e-10,0.26120166686876406,0.027783328502099993,-0.002126082773631477,0.0,2.060335180441311e-8,-1.0216426335997488e-11,-0.03801113557420143,0.0014708492105097004,0.001469019817220354,0.0,-9.221225367032481e-9,-3.6747373397706646e-11,0.09200549651922624,0.010221747537482515,-0.000708101003944233,0.0
-2.0,0.21282828282828284,0.05,502.6548245743669,0.03,0.052,1.0690166577753818e-6,4.665103946232294e-8,-1.6295989328519283,0.0002806246194659264,0.8879431525867679,0.0,0.00024613433363655205,2.7036626621940073e-5,-80.82368040925711,0.27389711335117056,7.048874528521953,0.0,-1.6187055354718172e-7,1.6092956940586862e-7,-1.288266134990361,-0.12708567619836306,0.11763528851538783,0.0,4.478453153936579e-7,-2.426900950107928e-8,1.195990823904167,0.14759363137821135,-0.012848635699041534,0.0,-1.0722266377328498e-7,-1.959719515784371e-10,-0.10665423254621821,0.004639877416570161,0.00632554847891955,0.0,-1.2666992817261758e-8,-4.436917409109803e-10,0.2662555255362427,0.028395737631438506,-0.0021700069638964465,0.0,1.968344959526721e-8,-9.856137422537076e-12,-0.0338312928950934,0.0014190356338441507,0.0014647545796957042,0.0,-9.635763063613116e-9,-3.755896951321607e-11,0.09389568075249961,0.01044756538274284,-0.0007227783224087508,0.0
-2.0,0.21777777777777776,0.05,502.6548245743669,0.03,0.052,1.0346163555739772e-6,4.4915517150838295e-8,-1.6300413122184805,0.00026860451860607207,0.8863462313738188,0.0,0.00025149451798502515,2.76181248431966e-5,-82.70798843057817,0.2797685013752032,7.198933693934183,0.0,1.1716316291822604e-8,1.5494263189010666e-7,-1.3182689311930262,-0.12240712105828924,0.1168918842743552,0.0,4.3701408531744075e-7,-2.4790982381124044e-8,1.2264245428443625,0.150774067313449,-0.013102696336217301,0.0,-1.1395458273472716e-7,-1.8868135968020163e-10,-0.09172163101126724,0.004470418811571772,0.006302460924535133,0.0,-8.890878108580003e-9,-4.5323457198453924e-10,0.2712582666538641,0.029005275844173953,-0.0022134764889207514,0.0,1.862406764348579e-8,-9.489467226383813e-12,-0.029567183388474944,0.0013663406251499572,0.0014603879695911065,0.0,-9.956343216289648e-9,-3.8366780137062995e-11,0.0957629478762294,0.010672302831470578,-0.0007373073439397321,0.0
-2.0,0.22272727272727272,0.05,502.6548245743669,0.03,0.052,9.996394894608155e-7,4.315041125170918e-8,-1.6304911060688216,0.0002563766337993622,0.8847155333215051,0.0,0.0002568339609842516,2.819688826553265e-5,-84.59256337589109,0.2856109613053963,7.3480645632334705,0.0,1.8817487881860433e-7,1.48853641473553e-7,-1.3487306417878566,-0.11764878992797188,0.11613396248690545,0.0,4.2500825090127913e-7,-2.5310500410827245e-8,1.2569957687422801,0.15393990626600834,-0.013353805544701577,0.0,-1.2030117320536153e-7,-1.8126649271251655e-10,-0.07660118171893765,0.00429792445392131,0.0062788636672524495,0.0,-5.103122288062842e-9,-4.6273252291576184e-10,0.276211409757806,0.029611938732820434,-0.00225648282860873,0.0,1.7433060124724606e-8,-9.116546653688503e-12,-0.025220639070496643,0.0013127808040287626,0.0014559199638146188,0.0,-1.017988029541397e-8,-3.917079171295575e-11,0.09760705777875303,0.010895955219001727,-0.0007516852734295774,0.0
-2.0,0.2276767676767677,0.05,502.6548245743669,0.03,0.052,9.64099000224718e-7,4.1356347869850676e-8,-1.6309481478913288,0.00024394514463973424,0.8830512529900459,0.0,0.0002621526488222836,2.877291025212467e-5,-86.47740521309329,0.2914244121304135,7.496249176397558,0.0,3.6743832917255696e-7,1.4266475799104827e-7,-1.379638190343528,-0.1128123694032008,0.11536169086118025,0.0,4.11830682076303e-7,-2.5827557633209733e-8,1.2877034021002547,0.15709111112842397,-0.013601911139666495,0.0,-1.262427886420724e-7,-1.7372998094694734e-10,-0.0613005509533839,0.004122450409775341,0.006254758263840522,0.0,-1.3235599661158099e-9,-4.721854846691976e-10,0.28111653930082353,0.03021572516508523,-0.002299017597266087,0.0,1.6119268228671393e-8,-8.737508363749249e-12,-0.020793570029862773,0.0012583726912322355,0.0014513505439669367,0.0,-1.0304292964231218e-8,-3.9970994780012316e-11,0.09942783456459128,0.011118519368813374,-0.0007659093586134529,0.0
-2.0,0.23262626262626263,0.05,502.6548245743669,0.03,0.052,9.280079402596563e-7,3.9533958923892586e-8,-1.6314122696759268,0.00023131427349840688,0.8813535887059111,0.0,0.0002674505924981005,2.9346187244514917e-5,-88.36251345766819,0.2972088050957126,7.643469775814449,0.0,5.494393683366595e-7,1.3637816134709307e-7,-1.4109784807815524,-0.10789956178642184,0.11457524003391517,0.0,3.974857263603241e-7,-2.6342150853901607e-8,1.3185461563123309,0.1602276611780457,-0.013846961881256217,0.0,-1.317608734769521e-7,-1.6607447900206168e-10,-0.04582730656443687,0.003944053641523972,0.0062301463188483555,0.0,2.427954506315386e-9,-4.815933992987018e-10,0.2859752967245365,0.03081663724736281,-0.002341072545856203,0.0,1.4692457950732031e-8,-8.352485359072091e-12,-0.016287960045860337,0.0012031327128476982,0.0014466796966578666,0.0,-1.0328526727112046e-8,-4.0767384721577734e-11,0.10122516769318715,0.01133999359592026,-0.0007799768907963108,0.0
-2.0,0.23757575757575758,0.05,502.6548245743669,0.03,0.052,8.913794640786441e-7,3.768388173316492e-8,-1.6318833019825603,0.0002184882800882809,0.8796227425230214,0.0,0.0002727278275458542,2.991671874085792e-5,-90.24788709575341,0.3029641232759302,7.789708809792731,0.0,7.341102551586997e-7,1.2999605005118593e-7,-1.4427384107689682,-0.10291208395392845,0.11377478351773587,0.0,3.8197919099460394e-7,-2.685427962294976e-8,1.349522561698068,0.16334955196425788,-0.014088907489234751,0.0,-1.368380103942469e-7,-1.5830266433435157e-10,-0.030188908535146948,0.0037627919785302197,0.0062050294853233014,0.0,6.131639882689307e-9,-4.909562575909532e-10,0.2907893724115073,0.03141468027419247,-0.0023826395642064027,0.0,1.3163251296623223e-8,-7.96161286719691e-12,-0.01170586188130809,0.0011470772078610236,0.0014419074138261735,0.0,-1.0252566221723033e-8,-4.155996035692045e-11,0.10299901263082391,0.011560377701916763,-0.000793885205562818,0.0
-2.0,0.24252525252525253,0.05,502.6548245743669,0.03,0.052,8.542268196489655e-7,3.580675862011162e-8,-1.6323610740119903,0.0002054714615901818,0.8778589201832693,0.0,0.0002779844136297551,3.048450726070201e-5,-92.13352447147294,0.30869038140590876,7.934948936010461,0.0,9.213828543083828e-7,1.2352063990453333e-7,-1.4749048843650903,-0.09785166631766064,0.11296049764764589,0.0,3.6531832312429483e-7,-2.7363946201226476e-8,1.380630969299074,0.16645679512008799,-0.014327698657246465,0.0,-1.414579640031176e-7,-1.5041723486104043e-10,-0.014392700366978492,0.003578724093941342,0.0061794094655303255,0.0,9.767880249718844e-9,-5.002741019528903e-10,0.29556049752841607,0.032009862664414794,-0.002423710683163515,0.0,1.154305146047473e-8,-7.565026114784576e-12,-0.007049392316160839,0.001090222438469531,0.0014370336930617236,0.0,-1.0077437060409133e-8,-4.2348725627809485e-11,0.10474939098693709,0.011779672961969308,-0.0008076316834726313,0.0
-2.0,0.24747474747474746,0.05,502.6548245743669,0.03,0.052,8.165633410267793e-7,3.390323660843945e-8,-1.6328454135925226,0.00019226814916648615,0.8760623310763695,0.0,0.00028322043392434203,3.104955828681313e-5,-94.01942310973001,0.31438762522029773,8.079173024901758,0.0,1.111188677247374e-6,1.1695416290519187e-7,-1.5074648232514967,-0.0927200519867195,0.11213256152672962,0.0,3.4751178876761106e-7,-2.787115551075116e-8,1.4118695538789008,0.16954941805275234,-0.014563287066684005,0.0,-1.4560572086417298e-7,-1.4242090885401085e-10,0.0015540984448116307,0.0033919094839292255,0.0061532880116730035,0.0,1.3317316225882729e-8,-5.095470219009278e-10,0.3002904357608458,0.032602195873104506,-0.002464278076696511,0.0,9.8439624541605e-9,-7.162862012192084e-12,-0.0023207270232985344,0.0010325846039447167,0.0014320585379302428,0.0,-9.805197181032007e-9,-4.313368798719122e-11,0.10647639013877794,0.011997882099823692,-0.0008212137507387068,0.0
-2.0,0.25242424242424244,0.05,502.6548245743669,0.03,0.052,7.78402442904622e-7,3.1973967202652194e-8,-1.6333361471220573,0.00017888270771314072,0.8742331881990484,0.0,0.00028843599424511573,3.161188018034747e-5,-95.905579454544,0.3200559307072036,8.222364162980265,0.0,1.30345891329131e-6,1.1029886651202103e-7,-1.5404051761466278,-0.0875189961880938,0.11129115697108886,0.0,3.2856965095124345e-7,-2.83759150564423e-8,1.4432363158251356,0.17262746348525984,-0.0147956254001587,0.0,-1.4926752590448289e-7,-1.3431642294058973e-10,0.017644398652034106,0.0032024084579118216,0.00612666692661484,0.0,1.676093470704811e-8,-5.187751546635055e-10,0.3049809749168613,0.033191694276208945,-0.0025043340639479134,0.0,8.078703860186105e-9,-6.7552581034589944e-12,0.002477904603404016,0.0009741798594292674,0.0014269819582998736,0.0,-9.438917823092212e-9,-4.391485906390937e-11,0.10818016231408185,0.012215009249451892,-0.0008346288798900634,0.0
-2.0,0.25737373737373737,0.05,502.6548245743669,0.03,0.052,7.397576180362864e-7,3.001960632526693e-8,-1.6338330993886518,0.0001653195353210042,0.872371708113583,0.0,0.00029363122180937304,3.217148405717683e-5,-97.79198847956893,0.32569540279339104,8.364505656098348,0.0,1.4981244456757103e-6,1.0355701342615849e-7,-1.5737129254698745,-0.08225026609985502,0.11043646845403947,0.0,3.0850334805320697e-7,-2.8878234816474087e-8,1.474729081107314,0.17569098878715297,-0.01502466735457044,0.0,-1.5243091531519028e-7,-1.261065326892734e-10,0.03387124578477731,0.0030102821415680225,0.006099548064598345,0.0,2.0080156795255724e-8,-5.279586826834606e-10,0.30963391834526727,0.033778375014511246,-0.002543871111231042,0.0,6.2605212509290175e-9,-6.342353085096459e-12,0.00734422450600464,0.0009150243400533681,0.001421803970669692,0.0,-8.982654320445704e-9,-4.469225427435976e-11,0.10986092312081507,0.01243105989853722,-0.0008478745904171124,0.0
-2.0,0.2623232323232323,0.05,502.6548245743669,0.03,0.052,7.00642438941935e-7,2.8040814468599322e-8,-1.6343360932647137,0.00015158306514772869,0.8704781109057036,0.0,0.0002988062634927076,3.27283836113305e-5,-99.67864311854728,0.3313061736817836,8.505581032641587,0.0,1.6951158460963282e-6,9.673088210768706e-8,-1.6073750901976223,-0.07691564125952671,0.10956868304958564,0.0,2.8732567357243645e-7,-2.937812708364711e-8,1.5063454983502018,0.17874006501645517,-0.015250367653768882,0.0,-1.5508474609534628e-7,-1.1779401283496863e-10,0.05022782245924548,0.0028155925004333103,0.006071933331964254,0.0,2.325692359294834e-8,-5.370978306079043e-10,0.3142510760856875,0.03436225778331391,-0.0025828818339740326,0.0,4.403092918912726e-9,-5.9242865176173185e-12,0.012275910713370173,0.0008551341930442273,0.0014165245985005277,0.0,-8.441407005401779e-9,-4.546589264986443e-11,0.11151894949881624,0.012646040808971557,-0.0008609484494011065,0.0
-2.0,0.2672727272727273,0.05,502.6548245743669,0.03,0.052,6.610705654603644e-7,2.6038257149260126e-8,-1.6348449491719128,0.00013767776882173566,0.8685526201418734,0.0,0.0003039612834066695,3.328259486744211e-5,-101.56553344461136,0.3368884003786376,8.645574046657234,0.0,1.8943633388976874e-6,8.98227683582419e-8,-1.6413787233568402,-0.07151691479862098,0.10868799037519693,0.0,2.6505075892577795e-7,-2.987560624120952e-8,1.5380830317363203,0.18177477557105975,-0.01547268206080545,0.0,-1.572192226566319e-7,-1.0938165868180427e-10,0.06670744780583387,0.0026184023938938305,0.00604382468786843,0.0,2.627377962763596e-8,-5.4619286155127e-10,0.31883425561691126,0.03494336454787453,-0.00262135899860905,0.0,2.5204335540811913e-9,-5.501198860793164e-12,0.017270601507194883,0.0007945256205662,0.0014111438725456559,0.0,-7.821072603408053e-9,-4.623579650964551e-11,0.11315457705707484,0.01285995990677911,-0.0008738480721257751,0.0
-2.0,0.2722222222222222,0.05,502.6548245743669,0.03,0.052,6.210557604943425e-7,2.401260579048156e-8,-1.6353594842721697,0.00012360816258086377,0.8665954628259427,0.0,0.0003090964595631879,3.3834135836167586e-5,-103.45264550260441,0.34244226116586624,8.784468680916197,0.0,2.0957967233789583e-6,8.283498834970098e-8,-1.6757109021891712,-0.06605589581818039,0.10779458253390758,0.0,2.416940616290444e-7,-3.037068845696997e-8,1.5699389480400088,0.18479521431020762,-0.0156915673897703,0.0,-1.5882592094009492e-7,-1.0087229077176398e-10,0.08330357313521503,0.0024187756674920948,0.006015224144993699,0.0,2.9113953706307277e-8,-5.552440711546513e-10,0.32338525204561014,0.035521719157299854,-0.0026592955244070012,0.0,6.267954582120825e-10,-5.073231890573552e-12,0.02232589869683089,0.0007332149347775658,0.0014056618311843205,0.0,-7.128386586940428e-9,-4.7001990926557036e-11,0.11476819676139322,0.013072826131974321,-0.000886571122672837,0.0
-2.0,0.2771717171717171,0.05,502.6548245743669,0.03,0.052,5.806119171485895e-7,2.1964539176416823e-8,-1.6358795112745135,0.00010937881862714712,0.8646068693552093,0.0,0.0003142119792933545,3.4383026041170033e-5,-105.33995967134007,0.3479679510262447,8.92224914990758,0.0,2.299345238582736e-6,7.576988364750315e-8,-1.7103587084372218,-0.06053441331469886,0.1068886540557651,0.0,2.1727236166020795e-7,-3.086339125518804e-8,1.6019102954705953,0.18780148297080254,-0.015906981517209273,0.0,-1.5989781076288014e-7,-9.226876097311596e-11,0.10000977262685382,0.002216777304686405,0.005986133770260538,0.0,3.1761437195941974e-8,-5.642517796446082e-10,0.3279058374557021,0.03609734682544586,-0.002696684485255294,0.0,-1.2634321100162894e-9,-4.640529355536573e-12,0.027439369567312435,0.0006712186326079258,0.0014000785207547654,0.0,-6.370857018314522e-9,-4.7764502866224804e-11,0.1163602509075511,0.013284649236564144,-0.0008991153144990825,0.0
-2.0,0.2821212121212121,0.05,502.6548245743669,0.03,0.052,5.397531005146618e-7,1.989474568002031e-8,-1.6364048367140027,9.499438073813661e-5,0.8625870734758827,0.0,0.00031930803308452023,3.492928587701034e-5,-107.22744840251106,0.35346567514384103,9.058899902765052,0.0,2.5049373521606867e-6,6.862982889055879e-8,-1.7453091954337505,-0.054954322186539714,0.10597040183864605,0.0,1.9180376975239348e-7,-3.135373294407438e-8,1.6339938717541966,0.19079368765714216,-0.01611888339311909,0.0,-1.6042927745814314e-7,-8.3573960656057e-11,0.11681972774668316,0.0020124736522115646,0.005956555685530587,0.0,3.4201059759049007e-8,-5.732163218528748e-10,0.3323977491534305,0.03667027343389317,-0.00273351911138121,0.0,-3.1358249051304247e-9,-4.203236310190353e-12,0.03260854699811705,0.0006085534933845432,0.0013943939958881671,0.0,-5.556690469826165e-9,-4.85233607771656e-11,0.11793122831096983,0.013495439514515066,-0.0009114784109971538,0.0
-2.0,0.2870707070707071,0.05,502.6548245743669,0.03,0.052,4.98493609739678e-7,1.7803926500779303e-8,-1.6369352585708938,8.045958742406952e-5,0.8605363122379669,0.0,0.00032438480626428975,3.5472935748048893e-5,-109.11507313943348,0.3589356403359588,9.194405626124386,0.0,2.71250044804526e-6,6.141724297698231e-8,-1.7805493380814834,-0.04931751197428306,0.10504002508846678,0.0,1.6530775225532912e-7,-3.184173183747688e-8,1.6661861775658011,0.19377193412700486,-0.016327233051517048,0.0,-1.6041614392537276e-7,-7.47908356715701e-11,0.13372720333041452,0.001805932747670918,0.005926492068305814,0.0,3.641856284828464e-8,-5.821380323243245e-10,0.3368626763182859,0.03724052460615833,-0.0027697927910170657,0.0,-4.9760265652125905e-9,-3.761501337294928e-12,0.037830927099249685,0.0005452367083781835,0.0013886083198433401,0.0,-4.694710641501969e-9,-4.927859281915643e-11,0.11948165860308474,0.01370520744519514,-0.0009236582260373471,0.0
-2.0,0.292020202020202,0.05,502.6548245743669,0.03,0.052,4.5684806479732374e-7,1.56928002117972e-8,-1.6374705630073327,6.577930466259697e-5,0.8584548259495778,0.0,0.0003294424680789858,3.601399492753535e-5,-111.00278019028924,0.3643780437172804,9.328751246911224,0.0,2.9219603861490048e-6,5.4134604719417714e-8,-1.816065960758735,-0.043625919107408484,0.10409772525880866,0.0,1.3780517823300534e-7,-3.232740523735204e-8,1.698483351658513,0.19673632154644144,-0.01653199162057911,0.0,-1.59855694866794e-7,-6.592240448160342e-11,0.15072601352472628,0.0015972247741268437,0.005895945152421293,0.0,3.840067131542889e-8,-5.910172277045222e-10,0.3413022446751922,0.037808124488649654,-0.0028054990720085445,0.0,-6.769851935355806e-9,-3.3154758987942146e-12,0.04310396364774094,0.0004812860496166768,0.0013827215648408212,0.0,-3.794270322305249e-9,-5.003022600068658e-11,0.12101210553511804,0.013913963226779406,-0.0009356526244925611,0.0
-2.0,0.29696969696969694,0.05,502.6548245743669,0.03,0.052,4.148315257998926e-7,1.3562108941565527e-8,-1.6380105200228325,5.0958569368383084e-5,0.8563428581307003,0.0,0.00033448115737413946,3.655248006907478e-5,-112.89049528026739,0.3697930577245747,9.461921935058681,0.0,3.1332408984167612e-6,4.678447420795695e-8,-1.8518456375806354,-0.037881543591835994,0.10314370598998315,0.0,1.0931839522821274e-7,-3.2810768091425614e-8,1.7308810823499667,0.1996869343315356,-0.01673312133234786,0.0,-1.5874670503398114e-7,-5.697178428206924e-11,0.16780997477545292,0.0013864226809590814,0.005864917228729584,0.0,4.013516384565379e-8,-5.998541811758075e-10,0.3457179985071153,0.03837309416644112,-0.002840631663365648,0.0,-8.503390620774597e-9,-2.865316849628794e-12,0.04842505842164867,0.00041672008969464416,0.0013767338123973592,0.0,-2.8651573378624104e-9,-5.0778283388085765e-11,0.1225231591243065,0.014121716173326058,-0.0009474595227448891,0.0
-2.0,0.3019191919191919,0.05,502.6548245743669,0.03,0.052,3.7245965151905707e-7,1.141262659551908e-8,-1.638554877752466,3.600264748076587e-5,0.8542006554664074,0.0,0.00033950096420929944,3.708840329050148e-5,-114.7781164843785,0.375180811082143,9.593903106153961,0.0,3.346262784854901e-6,3.936952113636867e-8,-1.8878745586540342,-0.03208647116170365,0.10217817304756181,0.0,7.987134144501398e-8,-3.329183127782462e-8,1.7633744901445967,0.20262383164844677,-0.016930585532003148,0.0,-1.5708947380628278e-7,-4.79422269241581e-11,0.18497284320579965,0.001173603004664222,0.005833410645778577,0.0,4.161094299353064e-8,-6.08649091386013e-10,0.35011137938823766,0.03893544963093525,-0.0028751844367555296,0.0,-1.0163110607125097e-8,-2.4111878985443337e-12,0.053791546473263,0.00035155848284538143,0.0013706451536589046,0.0,-1.9174951103069167e-9,-5.1522781618461124e-11,0.12401542649318635,0.01432847394555367,-0.000959076889174004,0.0
-2.0,0.3068686868686869,0.05,502.6548245743669,0.03,0.052,3.2974890531710753e-7,9.245169508384664e-9,-1.6391033551753311,2.0917110082436568e-5,0.8520284677595407,0.0,0.00034450190659194424,3.762176974905367e-5,-116.66550521374793,0.3805413645906604,9.724680424013288,0.0,3.560942868469698e-6,3.189256157017923e-8,-1.9241383554412974,-0.02624290201155218,0.10120133426038917,0.0,4.948970236823351e-8,-3.377059942576326e-8,1.7959579756583548,0.2055470341164511,-0.017124348686695903,0.0,-1.548858686893579e-7,-3.8837160802145604e-11,0.2022082334106645,0.0009588469345244102,0.005801427810479523,0.0,4.281810584444783e-8,-6.174020433614983e-10,0.35448370097051224,0.039495199212340855,-0.0029091514279352935,0.0,-1.1735961889610206e-8,-1.9532611165598165e-12,0.059200675336676126,0.00028582232114727157,0.001364455689734065,0.0,-9.616384203234768e-10,-5.226372820235335e-11,0.12548952123783977,0.014534241583217112,-0.0009705027446277235,0.0
-2.0,0.3118181818181818,0.05,502.6548245743669,0.03,0.052,2.867168170687426e-7,7.0606099667106375e-9,-1.639655632908616,5.707927662983252e-6,0.8498265478828779,0.0,0.0003494839014715877,3.815257462317775e-5,-118.5524749278221,0.38587468089323085,9.85423980318477,0.0,3.7771926669574673e-6,2.4356604591252258e-8,-1.9606218784373421,-0.020353187255482706,0.1002133994581122,0.0,1.8201120284892104e-8,-3.424706820686179e-8,1.828625026543835,0.20845650725579076,-0.017314376393940185,0.0,-1.5213938034373138e-7,-2.966025070987745e-11,0.21950951537543995,0.0007422416649707821,0.005768971188765299,0.0,4.374801654631975e-8,-6.261129576593257e-10,0.35883611897593054,0.04005234038887981,-0.0029425268381284902,0.0,-1.3209480270461477e-8,-1.491721152151467e-12,0.06464957704585182,0.00021953457805108808,0.0013581655320256377,0.0,-8.064933201930608e-12,-5.300111616728524e-11,0.1269460511161567,0.01473902030720399,-0.0009817351628729845,0.0
-2.0,0.31676767676767675,0.05,502.6548245743669,0.03,0.052,2.43382307915524e-7,4.8598929796277426e-9,-1.6402113418934248,-9.61841051658124e-6,0.8475951517307874,0.0,0.0003544467293417085,3.868079942531337e-5,-120.43877727034572,0.3911805877819844,9.982567411378318,0.0,3.9949167441688385e-6,1.676491014749273e-8,-1.9973089205769805,-0.014419874143905493,0.0992145804082395,0.0,-1.3964535412529752e-8,-3.47212210263539e-8,1.8613679784680193,0.2113521412618044,-0.017500635389563344,0.0,-1.4885519201956252e-7,-2.0415466167144602e-11,0.23686968707583306,0.0005238820722254207,0.005736043306238858,0.0,4.439338185403372e-8,-6.34781531167244e-10,0.3631695958908998,0.04060685589260556,-0.0029753050353388327,0.0,-1.4571891403533396e-8,-1.0267674750289681e-12,0.07013523208900922,0.00015272065116236376,0.001351774802561275,0.0,9.327370097007634e-10,-5.373492006672391e-11,0.12838560395357942,0.014942806062189609,-0.0009927722710298466,0.0
-2.0,0.3217171717171717,0.05,502.6548245743669,0.03,0.052,1.9976608467232105e-7,2.6440566191469376e-9,-1.640770049721384,-2.5054753552771734e-5,0.8453345381703976,0.0,0.00035938999178710925,3.920640758667125e-5,-122.32408539157467,0.39645873404785914,10.109649671822426,0.0,4.214010709411324e-6,9.121059219007089e-9,-2.0341818815327755,-0.008445760905969506,0.09820509075276256,0.0,-4.697483040996449e-8,-3.519302505843353e-8,1.8941777251718495,0.2142337267807277,-0.01768309355521079,0.0,-1.4504026559179822e-7,-1.1107168185447697e-11,0.2542812201445373,0.00030387274874033856,0.00570264674880939,0.0,4.4748330945077816e-8,-6.43407163397522e-10,0.36748485966472155,0.04115870904923111,-0.0030074805556071452,0.0,-1.5812215407398064e-8,-5.586195835562591e-13,0.07565442443397631,8.540901410310403e-5,0.00134528363432187,0.0,1.8503838363537377e-9,-5.44650888066457e-11,0.12980873159292405,0.01514558777684594,-0.0010036122499859808,0.0
-2.0,0.32666666666666666,0.05,502.6548245743669,0.03,0.052,1.558911063795721e-7,4.142560962449718e-10,-1.6413312445270634,-4.0593118443718e-5,0.843044968992275,0.0,0.00036431306177048863,3.972933928532706e-5,-124.20797433148387,0.4017085379262571,10.235473265546846,0.0,4.434358849105344e-6,1.4290368726169879e-9,-2.0712213698920894,-0.002433961664790845,0.09718514594436038,0.0,-8.079435630972241e-8,-3.566242660541932e-8,1.9270433758716257,0.21710092653101096,-0.017861719925402694,0.0,-1.4070344615765648e-7,-1.7402097601065458e-12,0.2717358778300604,8.233041258670874e-5,0.005668784163317153,0.0,4.4808500407985834e-8,-6.519888726772923e-10,0.37178235628722867,0.041707838322014926,-0.003039048104206703,0.0,-1.6920372113335246e-8,-8.752157631984741e-14,0.08120368726879997,1.7631983005092975e-5,0.0013386921715695095,0.0,2.734714924214595e-9,-5.5191539333620516e-11,0.13121593190700037,0.015347345331175153,-0.0010142533347918788,0.0
-2.0,0.3316161616161616,0.05,502.6548245743669,0.03,0.052,1.1178312314736109e-7,-1.8282084643968279e-9,-1.6418943165064992,-5.6224494318164305e-5,0.8407267088606438,0.0,0.0003692150267102968,4.024950553336749e-5,-126.08989851068604,0.4069291281232924,10.360025133591122,0.0,4.655831393956296e-6,-6.3066719182978906e-9,-2.1084057443471482,0.003612018671914023,0.09615496318221214,0.0,-1.1538425000206397e-7,-3.612934578844652e-8,1.959951860200876,0.21995324285406448,-0.018036484694145354,0.0,-1.3585558559411997e-7,7.679948403752473e-12,0.2892245053262145,-0.000140613312494214,0.005634458258144959,0.0,4.457112491449295e-8,-6.605251994159336e-10,0.37606219623049164,0.04225415107595296,-0.0030700025567776622,0.0,-1.788728702762352e-8,3.86252357744306e-13,0.08677923952945946,-5.057340395967192e-5,0.001332000570171466,0.0,3.5759129354021147e-9,-5.591414850578622e-11,0.132607628920941,0.015548047236880596,-0.001024693815038411,0.0
-2.0,0.3365656565656565,0.05,502.6548245743669,0.03,0.052,6.747127962319721e-8,-4.081860877220305e-9,-1.6424585372051335,-7.193862406822527e-5,0.8383800252631425,0.0,0.00037409462514400243,4.0766781599068327e-5,-127.96916660681069,0.4121192780140461,10.483292479138155,0.0,4.878281456009714e-6,-1.4080974839808968e-8,-2.145710599171036,0.009688200437563207,0.0951147613474404,0.0,-1.507016472352925e-7,-3.6593670644071006e-8,1.9928874860466677,0.22278998161327515,-0.01820735922108968,0.0,-1.305096843794596e-7,1.7147104121530686e-11,0.3067367953738176,-0.00036480877859711315,0.00559967180381612,0.0,4.403513334353292e-8,-6.690140955430505e-10,0.3803240954757275,0.04279751664134972,-0.0031003389604027415,0.0,-1.8704997658572626e-8,8.623897471295691e-13,0.09237691401641283,-0.00011916440406391691,0.0013252089979238857,0.0,4.36462561120947e-9,-5.6632742357540123e-11,0.1339841512905153,0.015747648060143404,-0.0010349320352145927,0.0
-2.0,0.34151515151515155,0.05,502.6548245743669,0.03,0.052,2.298877031870485e-8,-6.34501510391831e-9,-1.643023037199505,-8.772376336662417e-5,0.8360051884601424,0.0,0.00037895017838693014,4.128099991762149e-5,-129.84491440065105,0.4172773352287727,10.605262769572539,0.0,5.101541705376942e-6,-2.1888055654857e-8,-2.183108206415294,0.01579003808791758,0.09406476093821366,0.0,-1.8669908314458406e-7,-3.7055250760178934e-8,2.0258314602392518,0.22561021328244582,-0.018374316037239335,0.0,-1.246810482292355e-7,2.6654175192700182e-11,0.3242610342449675,-0.0005900849296941199,0.005564427633577651,0.0,4.320124904958683e-8,-6.774528116930068e-10,0.38456731233317315,0.043337758840491035,-0.0031300525346199385,0.0,-1.9366759456523508e-8,1.3405346777437207e-12,0.0979920788643458,-0.00018809150689558146,0.0013183176348707294,0.0,5.0920880061381534e-9,-5.73470884851894e-11,0.13534570955034284,0.015946085647329973,-0.0010449663950464034,0.0
-2.0,0.3464646464646465,0.05,502.6548245743669,0.03,0.052,-2.1626476586021406e-8,-8.615739934097279e-9,-1.6435867827745176,-0.00010356643398105467,0.8336024714336389,0.0,0.0003837795195293375,4.179194273205508e-5,-131.71607650342364,0.4224011480233352,10.725923738463198,0.0,5.325420900272611e-6,-2.9721252373064306e-8,-2.2205669332734095,0.02191232497624645,0.09300518400452928,0.0,-2.233238611440221e-7,-3.7513890671399235e-8,2.0587613888608196,0.22841273255045327,-0.01853732885020856,0.0,-1.1838745413426001e-7,3.6193049147288984e-11,0.34178383694064607,-0.0008162457636933361,0.005528728643968098,0.0,4.207209175868972e-8,-6.858377747745362e-10,0.38879058223212865,0.04387464822878654,-0.003159138672375301,0.0,-1.9867149899985483e-8,1.8202793506863168e-12,0.10361955512374048,-0.0002572973246847089,0.0013113266736215021,0.0,5.750243900338865e-9,-5.8056884490196435e-11,0.13669237281785068,0.0161432782459108,-0.0010547953498166996,0.0
-2.0,0.3514141414141414,0.05,502.6548245743669,0.03,0.052,-6.63311176640627e-8,-1.0891823793606523e-8,-1.6441485528129527,-0.00011945117343813861,0.8311721498357229,0.0,0.00038857992296756,4.2299334802316536e-5,-133.5813582758567,0.4274879927777635,10.84526338746994,0.0,5.5497004309014875e-6,-3.7572935843530404e-8,-2.2580506622384715,0.028049098460199626,0.09193625408270484,0.0,-2.605174210013599e-7,-3.7969343311029586e-8,2.091650780146612,0.23119601829856024,-0.018696372549024353,0.0,-1.1164931665870477e-7,4.575443515839905e-11,0.359289883407899,-0.0010430668069250667,0.00549257779536977,0.0,4.065227701302775e-8,-6.941644670334654e-10,0.3929920532781194,0.044407894409691895,-0.003187592940914161,0.0,-2.0202168547574016e-8,2.3011559029907627e-12,0.10925353441364617,-0.00032671548838328796,0.0013042363196649552,0.0,6.331864527539971e-9,-5.876174768591201e-11,0.13802404582846128,0.016339121653170675,-0.0010644174106658902,0.0
-2.0,0.3563636363636364,0.05,502.6548245743669,0.03,0.052,-1.1107575681390935e-7,-1.3170741775606463e-8,-1.6447069172250828,-0.00013536030326143783,0.8287145019366526,0.0,0.00039334803870248275,4.2802836618025984e-5,-135.4392096174298,0.4325345062972905,10.963269988173561,0.0,5.774131086518055e-6,-4.543439603023905e-8,-2.2955182487476398,0.03419355101155837,0.09085819612959653,0.0,-2.982147466716421e-7,-3.84213039240574e-8,2.124468580493698,0.23395819634201045,-0.01885142320847766,0.0,-1.044898428579608e-7,5.532772659282901e-11,0.3767616716730855,-0.0012702918117004458,0.0054559781125440646,0.0,3.894850730628453e-8,-7.024273172173706e-10,0.3971692264680333,0.044937138880237294,-0.003215411082610553,0.0,-2.036932982838138e-8,2.782631219165367e-12,0.1148875017792622,-0.00039626961283937407,0.0012970467916796936,0.0,6.830662293724235e-9,-5.946120652684811e-11,0.1393404474731872,0.016533486560733997,-0.0010738311448727765,0.0
-2.0,0.3613131313131313,0.05,502.6548245743669,0.03,0.052,-1.558044013693179e-7,-1.544962744613634e-8,-1.6452602186034626,-0.00015127372771518694,0.8262298085725374,0.0,0.00039807983637500617,4.3302038631339535e-5,-137.28780263354895,0.4375366285332984,11.0799320838292,0.0,5.9984302961379815e-6,-5.329574475632072e-8,-2.3329230582191096,0.04033795419333542,0.08977123645657832,0.0,-3.363438629090159e-7,-3.886940488621253e-8,2.1571787796415007,0.23669700776988098,-0.01900245809301991,0.0,-9.693516081515243e-8,6.490088265348087e-11,0.39417930654054933,-0.0014976299347765321,0.005418932685148536,0.0,3.696964759047632e-8,-7.106196045000625e-10,0.401318905082073,0.04546194895238355,-0.003242589015734526,0.0,-2.0367744471423402e-8,3.2640999089085382e-12,0.12051416990022415,-0.00046587241273797454,0.0012897583218410998,0.0,7.24139648950675e-9,-6.015469228483575e-11,0.14064109223480636,0.016726216295264582,-0.0010830351761173577,0.0
-2.0,0.36626262626262623,0.05,502.6548245743669,0.03,0.052,-2.0045406628194066e-7,-1.7725252271617227e-8,-1.6458065589773307,-0.00016716878983885972,0.8237183530926452,0.0,0.0004027705645245424,4.379645708774907e-5,-139.12501543407726,0.44248956099091924,11.195238491042565,0.0,6.222280122650849e-6,-6.114584472429795e-8,-2.3702126297835684,0.046473603181992965,0.0886756026632985,0.0,-3.7482547646271766e-7,-3.931321196261419e-8,2.1897401251384023,0.23940978605979785,-0.01914945566020457,0.0,-8.90144044575874e-8,7.446034019508603e-11,0.411520344529723,-0.0017247536781034355,0.005381444668235897,0.0,3.4726776338456563e-8,-7.187333897318264e-10,0.4054371582055359,0.045981813359914955,-0.0032691228351594457,0.0,-2.019818459713199e-8,3.7448794667275515e-12,0.12612543147127778,-0.0005354250539427103,0.0012823711561239571,0.0,7.55996740643506e-9,-6.084153259137108e-11,0.14192527600341295,0.01691712518035421,-0.001092028184722779,0.0
-2.0,0.3712121212121212,0.05,502.6548245743669,0.03,0.052,-2.449545853982581e-7,-1.999401564594842e-8,-1.6463437936176661,-0.00018302019809012492,0.8211804213063446,0.0,0.0004074147309413269,4.4285532047372854e-5,-140.94842439299256,0.4473877473176639,11.309178301368835,0.0,6.445326304492324e-6,-6.897227511223856e-8,-2.4073285151393122,0.05259078986980008,0.08757152357124412,0.0,-4.135728201285858e-7,-3.9752222531694984e-8,2.2221059887431402,0.24209344622049378,-0.019292395563676422,0.0,-8.075973629566093e-8,8.39909741036831e-11,0.4287597171834403,-0.001951297897731546,0.005343517282734485,0.0,3.223320239881913e-8,-7.267594842201878e-10,0.4095193038304259,0.04649614017587323,-0.0032950088130051765,0.0,-1.9863126729244702e-8,4.224209431800441e-12,0.1317123369725614,-0.0006048168367324773,0.0012748855546015998,0.0,7.783494766304303e-9,-6.15209498118764e-11,0.14319206790824884,0.017105997749066213,-0.001100808907879189,0.0
-2.0,0.37616161616161614,0.05,502.6548245743669,0.03,0.052,-2.892286836047194e-7,-2.2251948335877693e-8,-1.6468695336909613,-0.00019880004940436724,0.8186163014297108,0.0,0.00041200610942661694,4.476862815768461e-5,-142.755307079807,0.45222488113173276,11.421740882833985,0.0,6.6671786210508895e-6,-7.676134347556582e-8,-2.444206339112764,0.05867881215445541,0.08645922915713335,0.0,-4.524917559230822e-7,-4.018586627973702e-8,2.254224424028286,0.24474448904416474,-0.01943125865570765,0.0,-7.220628960812312e-8,9.347611090838314e-11,0.4458697529249881,-0.002176860162638498,0.005305153815908744,0.0,2.950443785311228e-8,-7.346874613833186e-10,0.4135599163537736,0.04700425763091108,-0.0033202433992206588,0.0,-1.9366766824577553e-8,4.701251459437668e-12,0.13726510450273283,-0.0006739252973417653,0.0012673017917401164,0.0,7.910376097331243e-9,-6.219206157697345e-11,0.14444030960903279,0.017292589024771737,-0.0011093761398470214,0.0
-2.0,0.38111111111111107,0.05,502.6548245743669,0.03,0.052,-3.331923565239927e-7,-2.4494731752532822e-8,-1.647381159342719,-0.00021447796437365824,0.8160262840317819,0.0,0.00041653777753895295,4.524503864355548e-5,-144.54265771604628,0.45699394602564036,11.532915881378225,0.0,6.8874128167808e-6,-8.449815220645583e-8,-2.4807761207773713,0.06472602588295802,0.08533895048616516,0.0,-4.91481185408631e-7,-4.06135087793003e-8,2.2860384489332546,0.24735902302846904,-0.01956602698927746,0.0,-6.33920138758126e-8,1.0289760829301262e-10,0.4628203149044556,-0.00240100270117324,0.005266357621798247,0.0,2.6558117738005936e-8,-7.425057222666742e-10,0.4175528627699415,0.0475054183288337,-0.003344823222104063,0.0,-1.8715001598707676e-8,5.1750924371776044e-12,0.14277316743607216,-0.0007426168003882432,0.0012596201566881303,0.0,7.940320674106168e-9,-6.285388552121009e-11,0.14566862335280728,0.01747662605347183,-0.0011177287321415467,0.0
-2.0,0.38606060606060605,0.05,502.6548245743669,0.03,0.052,-3.767555891944989e-7,-2.671773466839635e-8,-1.6478758442356765,-0.00023002134310017616,0.8134106619805067,0.0,0.0004210021883420822,4.571399282035637e-5,-146.30721640337828,0.4616872907134473,11.642693222221462,0.0,7.105574242915639e-6,-9.216672521388514e-8,-2.516962881409702,0.0707199438490556,0.08421091964514801,0.0,-5.304338009083261e-7,-4.103445823932003e-8,2.3174865758893666,0.24993280564956588,-0.019696683819704058,0.0,-5.435741136805043e-8,1.1223601130864172e-10,0.4795790664663648,-0.0026232561077102414,0.005227132121637033,0.0,2.341385952603516e-8,-7.502016191062467e-10,0.4214913703434851,0.04799880717585977,-0.0033687450887613505,0.0,-1.7915371249888243e-8,5.644754461050772e-12,0.14822526368607716,-0.0008107476787865503,0.0012518409535613945,0.0,7.874355057296679e-9,-6.350535111354113e-11,0.1468754296101343,0.017657810803768572,-0.0011258655936983036,0.0
-2.0,0.391010101010101,0.05,502.6548245743669,0.03,0.052,-4.198234248342414e-7,-2.8916067968982445e-8,-1.648350591850515,-0.00024539574919331007,0.8107697303883791,0.0,0.00042539127709927154,4.617466722166641e-5,-148.045512531494,0.4662967402042826,11.751063111150534,0.0,7.321183271909089e-6,-9.97501967817424e-8,-2.552687548080031,0.07664738340100453,0.08307536967553458,0.0,-5.692371906350534e-7,-4.144797548653798e-8,2.3485035969630674,0.25246130448531223,-0.01982321360582153,0.0,-4.5145158945264896e-8,1.2147078195647445e-10,0.49611186806100477,-0.0028431248623209636,0.005187480804249771,0.0,2.009305810547614e-8,-7.577616385462918e-10,0.42536812673024693,0.048483553127480365,-0.003392005985502136,0.0,-1.697696029985935e-8,6.109204321411149e-12,0.1536095678733519,-0.0008781659344390502,0.0012439645017225287,0.0,7.71479719728859e-9,-6.414531450238558e-11,0.14805897460306452,0.01783582447368354,-0.0011337856910177207,0.0
-2.0,0.395959595959596,0.05,502.6548245743669,0.03,0.052,-4.622973691479538e-7,-3.1084656737708145e-8,-1.6488022830860758,-0.00026056541691033073,0.8081037865577844,0.0,0.0004296966013209152,4.66262001746852e-5,-149.75392177449856,0.470813741276236,11.85801603572821,0.0,7.533742413254687e-6,-1.0723106025040923e-7,-2.58786814093024,0.0824946608017131,0.0819325345063829,0.0,-6.077752865144312e-7,-4.185328705449888e-8,2.3790216133620197,0.2549397772832178,-0.019945602010708,0.0,-3.579961674108917e-8,1.3058060224998779e-10,0.5123833000004386,-0.003060094595465653,0.0051474072264259384,0.0,1.661861615085168e-8,-7.651716400928794e-10,0.4291754111162945,0.0489587445739338,-0.0034146030781737904,0.0,-1.591025535609149e-8,6.567370160725495e-12,0.15891386455757617,-0.0009447134816767289,0.0012359911360556365,0.0,7.465197307684463e-9,-6.47725789451535e-11,0.14921736729923796,0.018010333139010837,-0.0011414880482917185,0.0
-2.0,0.40090909090909094,0.05,502.6548245743669,0.03,0.052,-5.040770907365894e-7,-3.3218327620909325e-8,-1.6492277337227308,-0.0002754938655390501,0.8054131299260638,0.0,0.000433909510047779,4.7067709381096374e-5,-151.42873499849756,0.47522953776467464,11.963542766423657,0.0,7.742744926361103e-6,-1.1459146937187482e-7,-2.6224212091198806,0.0882478267674471,0.08078264888727507,0.0,-6.459301156701303e-7,-4.224960096139754e-8,2.4089712795899936,0.25736336853363173,-0.020063835901963478,0.0,-2.6366234305789106e-8,1.3954373884689064e-10,0.5283572957883459,-0.0032736408918731695,0.005106915013270431,0.0,1.3014614136476546e-8,-7.72417144067354e-10,0.4329052527350476,0.049423447899107346,-0.003436533712434082,0.0,-1.4726961284951104e-8,7.018158654381492e-12,0.16412575749915262,-0.0010102288696506008,0.0012279212072343298,0.0,7.1302454754539535e-9,-6.53859183969288e-11,0.1503486248078265,0.01818099457182085,-0.0011489717475099228,0.0
-2.0,0.40585858585858586,0.05,502.6548245743669,0.03,0.052,-5.450623503566334e-7,-3.5311908062891246e-8,-1.6496237595433783,-0.0002901445968427137,0.802698062010314,0.0,0.0004380213355614183,4.749831179639651e-5,-153.06623637438045,0.47953536898763566,12.067634357664438,0.0,7.947684593146058e-6,-1.2181358066839303e-7,-2.656263459279336,0.09389293404438197,0.07962594832121313,0.0,-6.835837907598386e-7,-4.2636124556271853e-8,2.4382832133110135,0.2597272186753774,-0.02017790335154258,0.0,-1.6890873232852283e-8,1.483384635864415e-10,0.5439978606815554,-0.003483239295527083,0.005066007858530966,0.0,9.305929201816564e-9,-7.794836595224031e-10,0.4365496105123157,0.04987672846911476,-0.0034577954139618002,0.0,-1.3439780082208115e-8,7.460477261550364e-12,0.1692329066521753,-0.0010745503786533535,0.0012197550819850057,0.0,6.715647880910813e-9,-6.59841064049851e-11,0.15145072433088833,0.01834746595715647,-0.0011562359285470073,0.0
-2.0,0.41080808080808084,0.05,502.6548245743669,0.03,0.052,-5.851550712926269e-7,-3.7360332901766534e-8,-1.6499872460492624,-0.0003044818468411289,0.7999588863519382,0.0,0.00044202359863533146,4.791714488304763e-5,-154.6627870992257,0.48372268140061875,12.170282148810003,0.0,8.148066203357235e-6,-1.2887992112386394e-7,-2.689313501266165,0.09941632480368097,0.078462668997517,0.0,-7.206206511568778e-7,-4.301208359541771e-8,2.4668895063474165,0.2620265808503094,-0.020287793635137122,0.0,-7.419073363753174e-9,1.5694349818485803e-10,0.5592698422276147,-0.003688376052954696,0.005024689524900241,0.0,5.517816403580964e-9,-7.863570308907825e-10,0.4401005657352675,0.050317673073445146,-0.003478385888604947,0.0,-1.2062159555884203e-8,7.89325558791955e-12,0.17422328190590342,-0.0011375193496430812,0.0012114931433433267,0.0,6.227975575292853e-9,-6.656594444370778e-11,0.15252165925871752,0.01850941214743821,-0.001163279789229969,0.0
-2.0,0.41575757575757577,0.05,502.6548245743669,0.03,0.052,-6.242614478119099e-7,-3.9358753014708144e-8,-1.6503152193534807,-0.00031847135101429117,0.7971959084609587,0.0,0.00044590821703850453,4.8323388162125446e-5,-156.21491054677395,0.48778334338767904,12.27147776504645,0.0,8.34341623062863e-6,-1.3577376297101768e-7,-2.721493623942563,0.10480492358006713,0.07729304772475257,0.0,-7.569294508562255e-7,-4.337674158741076e-8,2.4947252615878557,0.26425693930294636,-0.02039349723112,0.0,2.004704874981802e-9,1.6533847290999333e-10,0.5741397140176163,-0.003888559068872937,0.00498296384429272,0.0,1.6754693804829272e-9,-7.930237942902943e-10,0.44355051829567005,0.05074541268700153,-0.0034983030224687225,0.0,-1.0608021397336746e-8,8.315469010779049e-12,0.17908542089199544,-0.0011989835819432397,0.001203135790904959,0.0,5.674491473984639e-9,-6.713029296479307e-11,0.1535594966385837,0.018666514039526426,-0.0011701025853869305,0.0
-2.0,0.4207070707070707,0.05,502.6548245743669,0.03,0.052,-6.622939820170638e-7,-4.130264037659856e-8,-1.6506049144832369,-0.000332081085457182,0.7944094357601054,0.0,0.0004496677063384642,4.871628393233443e-5,-157.71937441770146,0.49170985163124015,12.371213118202895,0.0,8.533293143516054e-6,-1.424794861424397e-7,-2.752731508248088,0.1100465205594686,0.0761173218637083,0.0,-7.924054824457891e-7,-4.372941839632002e-8,2.521730075903426,0.26641412321508845,-0.020495005819043045,0.0,1.1337825815710093e-8,1.735043656633557e-10,0.5885763315068862,-0.004083328504934121,0.004940834718097095,0.0,-2.1964202889546646e-9,-7.994715145770965e-10,0.4468923763759813,0.051159144357301914,-0.003517544881940479,0.0,-9.091479716535505e-9,8.726161361652192e-12,0.18380867724258623,-0.001258800625876162,0.0011946834410691343,0.0,5.06296288246569e-9,-6.767609913024212e-11,0.15456243296599811,0.01881847663418755,-0.001176703630875698,0.0
-2.0,0.4256565656565657,0.05,502.6548245743669,0.03,0.052,-6.991733429572461e-7,-4.318788409466047e-8,-1.6508538376365465,-0.00034528194483220685,0.7915997775286998,0.0,0.00045329536252112986,4.9095156074958916e-5,-159.1732656172416,0.4954955181468807,12.469480407489078,0.0,8.717296815580342e-6,-1.4898290950221874e-7,-2.7829617883039908,0.11513003049707587,0.07493572926045235,0.0,-8.269525279761722e-7,-4.406950711240767e-8,2.54784939190845,0.2684944100232658,-0.020592312277697172,0.0,2.0540176192075147e-8,1.8142390835067605e-10,0.6025516201866051,-0.004272266470072359,0.004898306117400484,0.0,-6.074085252334049e-9,-8.0568909649757e-10,0.45011972987241927,0.051558151075900865,-0.0035361097136551636,0.0,-7.526562213996963e-9,9.124463846524046e-12,0.18838344637150836,-0.0013168407970211688,0.001186136527276083,0.0,4.401467548022087e-9,-6.820242400815861e-11,0.15552884546965687,0.01896503635733404,-0.0011830822975934666,0.0
-2.0,0.4306060606060606,0.05,502.6548245743669,0.03,0.052,-7.348299553604264e-7,-4.501087258793969e-8,-1.6510598191861936,-0.00035804832383990083,0.788767244846339,0.0,0.0004567854172868437,4.94594259954252e-5,-160.57405411827867,0.49913462885884724,12.566272120154588,0.0,8.895076562992883e-6,-1.5527157437324613e-7,-2.8121273819002317,0.12004571432586597,0.07374850817948383,0.0,-8.604845409005547e-7,-4.439648836927976e-8,2.573035651238143,0.27049461302147626,-0.020685410682735553,0.0,2.957478194051308e-8,1.890819285925948e-10,0.6160411615436766,-0.004455005320010197,0.0048553820831877485,0.0,-9.9350675117336e-9,-8.116670448019916e-10,0.4532269990284821,0.051941818633372286,-0.003553995944397932,0.0,-5.926945650296385e-9,9.509613397330284e-12,0.1928013573106414,-0.0013729897643201552,0.0011774955002374229,0.0,3.6982017205719715e-9,-6.870846355390958e-11,0.15645733629775993,0.01910596727552865,-0.0011892380154675925,0.0
-2.0,0.43555555555555553,0.05,502.6548245743669,0.03,0.052,-7.692052456251615e-7,-4.6768558180589904e-8,-1.6512210550622406,-0.00037035857451900495,0.7859121505364038,0.0,0.0004601331589842827,4.980862497901659e-5,-161.91964290877252,0.5026225662376681,12.661581032069682,0.0,9.066337443535206e-6,-1.6133496736204075e-7,-2.8401805295881575,0.12478535333199112,0.07255589723701462,0.0,-8.929269824120003e-7,-4.4709941432886305e-8,2.597249196866736,0.27241214926216395,-0.020774296303861885,0.0,3.840831769292497e-8,1.9646562438644209e-10,0.6290246499054428,-0.004631234190104111,0.004812066726511216,0.0,-1.3758550634202487e-8,-8.173976675029512e-10,0.4562095516737864,0.052309648691178545,-0.003571202180948243,0.0,-4.30571632401398e-9,9.88096605593583e-12,0.1970554218423078,-0.0014271505937256234,0.001168760828159042,0.0,2.961298117760517e-9,-6.91935667503353e-11,0.15734676765714148,0.0192410859224107,-0.0011951702724263132,0.0
-2.0,0.4405050505050505,0.05,502.6548245743669,0.03,0.052,-8.022524971303155e-7,-4.8458501680544374e-8,-1.6513361349856261,-0.0003821953228788482,0.7830348091093977,0.0,0.00046333501459048593,5.0142402503569905e-5,-163.2084021665532,0.505955891714738,12.75540020822771,0.0,9.230844578413026e-6,-1.6716467411976682e-7,-2.867083503492968,0.12934236935897792,0.07135813533439493,0.0,-9.242177624213208e-7,-4.500955166292746e-8,2.6204588905496,0.27424508525441604,-0.02085896560158717,0.0,4.70114900513656e-8,2.0356474893970809e-10,0.6414862027084147,-0.004800703508889063,0.004768364228634381,0.0,-1.752562699058986e-8,-8.228752122067784e-10,0.4590637846200457,0.05266126759052287,-0.003587727209860534,0.0,-2.6751641734971057e-9,1.0238006624584702e-11,0.2011401352178706,-0.0014792451699522523,0.001159932996956724,0.0,2.198660763284369e-9,-6.965724677386168e-11,0.15819628655357945,0.019370254558892262,-0.0012008786143512197,0.0
-2.0,0.44545454545454544,0.05,502.6548245743669,0.03,0.052,-8.339372976691182e-7,-5.007889594065833e-8,-1.6514040569251973,-0.0003935456385240164,0.7801355367061336,0.0,0.0004663885911907861,5.0460530341987334e-5,-164.4391869336785,0.5091323859680659,12.847723003169415,0.0,9.388425404473956e-6,-1.7275446061041277e-7,-2.892808970154873,0.13371188834975958,0.07015546159171106,0.0,-9.543077624488793e-7,-4.529511419343879e-8,2.6426424326767735,0.2759921595321689,-0.02093941622355912,0.0,5.5359284622930275e-8,2.1037171018444498e-10,0.6534145179339769,-0.004963227397960988,0.00472427884114615,0.0,-2.1219492850428693e-8,-8.280959337360861e-10,0.46178716772936934,0.05299643071792389,-0.0036035699971876754,0.0,-1.046616611796793e-9,1.0580353342218222e-11,0.20505152641205124,-0.0015292149644564573,0.0011510125104650726,0.0,1.4178221501727242e-9,-7.00991862436016e-11,0.15900533866331065,0.019493382800116834,-0.0012063626450105078,0.0
-2.0,0.45040404040404036,0.05,502.6548245743669,0.03,0.052,-8.642375856897529e-7,-5.1628568789351386e-8,-1.6514242280924032,-0.0004044010583055467,0.7772146510407849,0.0,0.0004692926778228172,5.076290256421845e-5,-165.61133866073314,0.5121510484197334,12.938543061329334,0.0,9.538969896668094e-6,-1.7810028328582132e-7,-2.917340015326609,0.13789074829970144,0.0689481152815787,0.0,-9.831609462743713e-7,-4.5566533939602366e-8,2.663786390431146,0.2776527826992783,-0.02101564700046599,0.0,6.343107610202716e-8,2.1688158480931048e-10,0.6648028816968835,-0.005118683999249701,0.004679814886045615,0.0,-2.4825568732648336e-8,-8.3305809299821e-10,0.46437825114203835,0.05331502254167569,-0.0036187296881424976,0.0,5.696846018600219e-10,1.0907758069584302e-11,0.20878715894998442,-0.0015770211630134537,0.001141999890637426,0.0,6.258264093153496e-10,-7.051923818623662e-11,0.15977367142760177,0.019610427650121106,-0.0012116220259728305,0.0
-2.0,0.4553535353535354,0.05,502.6548245743669,0.03,0.052,-8.931433282496641e-7,-5.310696699173874e-8,-1.651396453607317,-0.00041475747519832435,0.774272471343808,0.0,0.00047204721108838214,5.104953179320629e-5,-166.72467192309728,0.5150120594788433,13.027854317304161,0.0,9.682428923489548e-6,-1.832002336494613e-7,-2.940669857607839,0.14187745597673262,0.06773633576315524,0.0,-1.0107540879216192e-6,-4.5823822231386336e-8,2.6838859583149244,0.27922701689017776,-0.021087657941517207,0.0,7.121060849854434e-8,2.2309204804323872e-10,0.67564903863428,-0.005267013876000253,0.004634976755798759,0.0,-2.833154715727577e-8,-8.377618984490681e-10,0.4668366388279623,0.05361705269590583,-0.0036332056067002504,0.0,2.1646628903247876e-9,1.1220105172635937e-11,0.2123460865268718,-0.001622644196801449,0.001132895677738442,0.0,-1.7085967497448315e-10,-7.09174202164195e-11,0.16050132730877067,0.019721392082276336,-0.0012166564765031152,0.0
-2.0,0.4603030303030303,0.05,502.6548245743669,0.03,0.052,-9.206558798276905e-7,-5.4514123706232676e-8,-1.6513209144568477,-0.00042461491475659065,0.7713093183047595,0.0,0.0004746532095418929,5.132054224156038e-5,-167.77944835759675,0.5177167104599883,13.115650996043724,0.0,9.818810987615284e-6,-1.8805442611426917e-7,-2.962801293923168,0.1456720992573292,0.06652036241639123,0.0,-1.037076166042022e-6,-4.606709056649956e-8,2.7029444873169624,0.28071553754721773,-0.021155450229509133,0.0,7.86858594698184e-8,2.29003240091906e-10,0.6859549437353379,-0.005408216767610602,0.0045897689133638665,0.0,-3.172737364107032e-8,-8.422093873024051e-10,0.46916293279435645,0.05390264866080785,-0.003646997255142457,0.0,3.730444739007139e-9,1.1517400181237556e-11,0.21572876953560755,-0.0016660827616156717,0.0011237004305291957,0.0,-9.6640771391614e-10,-7.129390487898745e-11,0.16118862840680523,0.019826322366902547,-0.0012214657734387362,0.0
-2.0,0.46525252525252525,0.05,502.6548245743669,0.03,0.052,-9.467870839854811e-7,-5.585061272063781e-8,-1.6511981370109896,-0.0004339772117456363,0.7683255140150128,0.0,0.00047711268312875714,5.157616018850299e-5,-168.7763403360797,0.5202673084900383,13.201927612964539,0.0,9.948177666806372e-6,-1.926648400366807e-7,-2.9837459295809245,0.14927622369917265,0.0653004345765485,0.0,-1.0621274863818794e-6,-4.6296542060876225e-8,2.720972828393001,0.28211958112716584,-0.02121902621547331,0.0,8.584880749616894e-8,2.346175709086815e-10,0.6957264192447098,-0.005542346993278681,0.004544195892187229,0.0,-3.5005169791556656e-8,-8.464042734179985e-10,0.4713586537943202,0.05417204574086086,-0.00366010431354107,0.0,5.260359766052646e-9,1.1799765024637423e-11,0.21893696044385053,-0.0017073524192039188,0.0011144147264428327,0.0,-1.7556622783170485e-9,-7.164900634939852e-11,0.16183615419194058,0.01992530440238539,-0.0012260497510477079,0.0
-2.0,0.47020202020202023,0.05,502.6548245743669,0.03,0.052,-9.715581864299998e-7,-5.71174928504415e-8,-1.6510289561663496,-0.00044285162367160776,0.7653213819103976,0.0,0.00047942852447860546,5.181670259568229e-5,-169.7163871184469,0.5226670624505032,13.286678973986286,0.0,1.007063809840536e-5,-1.9703512794255653e-7,-3.0035232501674067,0.1526926826588969,0.06407679146900554,0.0,-1.0859186005170475e-6,-4.651246123044964e-8,2.7379885396113552,0.28344088258205813,-0.021278389412917,0.0,9.26951229395661e-8,2.399394883206036e-10,0.704972742072921,-0.005669507870497506,0.004498262296168164,0.0,-3.815910910295439e-8,-8.503517588491266e-10,0.4734261446038005,0.05442557507259959,-0.00367252663918463,0.0,6.748908374618228e-9,1.206742376666701e-11,0.2219735662396318,-0.0017464838894333697,0.001105039161752563,0.0,-2.534151541535614e-9,-7.198316525958252e-11,0.16244471404544059,0.020018459320503668,-0.0012304083008683382,0.0
-2.0,0.47515151515151516,0.05,502.6548245743669,0.03,0.052,-9.949986261492628e-7,-5.831624602030859e-8,-1.650814474589475,-0.00045124839517575395,0.7622972467137682,0.0,0.0004816043887213179,5.204256456183608e-5,-170.60094621110525,0.5249199577857757,13.369900175491457,0.0,1.0186342849461464e-5,-2.0117040195905736e-7,-3.02215959258027,0.1559254703684563,0.06284967214436962,0.0,-1.1084690898331385e-6,-4.671520272887572e-8,2.754015006377226,0.2846816064551209,-0.021333544491656094,0.0,9.92238052110006e-8,2.4497521687159716e-10,0.7137061871746478,-0.005789845494181793,0.004451972799592318,0.0,-4.11852568997437e-8,-8.540583263028402e-10,0.47536846217459316,0.05466365040374037,-0.0036842642659466337,0.0,8.191703087913437e-9,1.232068862188489e-11,0.22484249650706462,-0.0017835211424846137,0.0010955743517309007,0.0,-3.2980774177918607e-9,-7.22969297944876e-11,0.16301531652910076,0.020105938637319454,-0.0012345413715301407,0.0
-2.0,0.4801010101010101,0.05,502.6548245743669,0.03,0.052,-1.0171447679326759e-6,-5.9448712277833185e-8,-1.6505560200909581,-0.0004591803013991431,0.7592534343775167,0.0,0.0004836445680917199,5.2254206264964674e-5,-171.43164248214356,0.5270306261284307,13.451586604208686,0.0,1.0295477492400199e-5,-2.0507700959832264e-7,-3.0396870688538096,0.15897954670736586,0.06161931541392398,0.0,-1.1298062792664285e-6,-4.690517962859452e-8,2.769080520332838,0.2858442751546902,-0.021384497271247374,0.0,1.0543678730080861e-7,2.497324876405039e-10,0.7219415502765634,-0.005903542198663199,0.004405332147033781,0.0,-4.408138576289931e-8,-8.575315288435127e-10,0.4771892642516235,0.05488675432604075,-0.003695317403595802,0.0,9.585389941245961e-9,1.255994898717051e-11,0.22754850478285962,-0.001818519390599732,0.0010860209308001232,0.0,-4.0442890308958675e-9,-7.25909401043518e-11,0.1635491369510708,0.02018791920039197,-0.0012384489685567637,0.0
-2.0,0.48505050505050507,0.05,502.6548245743669,0.03,0.052,-1.0380386318461212e-6,-6.051702455149902e-8,-1.6502551029354215,-0.0004666621910547977,0.7561902720260534,0.0,0.0004855538667433778,5.2452139948616076e-5,-172.21031723108177,0.5290042153138055,13.531733937019828,0.0,1.0398256164994118e-5,-2.0876230871129333e-7,-3.056142488618794,0.16186066130878785,0.060385959785427115,0.0,-1.149963937969929e-6,-4.7082851735957925e-8,2.7832173572512344,0.2869316974663932,-0.021431254714022206,0.0,1.1133852652068819e-7,2.542202603574599e-10,0.7296956707876842,-0.006010809992712783,0.004358345153225315,0.0,-4.684677695967397e-8,-8.607797717549631e-10,0.47889269566366394,0.055095424550740985,-0.0037056864370499953,0.0,1.0927556167802672e-8,1.2785654940011582e-11,0.23009703004292886,-0.0018515430682840123,0.001076379552673447,0.0,-4.770243386065976e-9,-7.286590726439549e-11,0.1640474847981265,0.020264598150027843,-0.0012421311541507048,0.0
-2.0,0.49,0.05,502.6548245743669,0.03,0.052,-1.0577266642779107e-6,-6.152354551709935e-8,-1.649913374725609,-0.00047371054077784597,0.753108087898249,0.0,0.00048733748020144833,5.2636917411966465e-5,-172.93897904233165,0.5308462647896396,13.61033814069139,0.0,1.0494915344467538e-5,-2.122344496862175e-7,-3.0715663189910964,0.16457518333253898,0.05914984339928951,0.0,-1.1689810140013412e-6,-4.7248714367217234e-8,2.7964608865661225,0.2879468998288533,-0.02147382491772868,0.0,1.169355981159313e-7,2.584484593043806e-10,0.7369869715357994,-0.006111884202326406,0.0043110167028963696,0.0,-4.948201712774876e-8,-8.638121114964809e-10,0.4804832783041472,0.05529024071243059,-0.0037153719255725833,0.0,1.2216629811644543e-8,1.2998306549330386e-11,0.23249404387282419,-0.001882663874230633,0.0010666508904880237,0.0,-5.473957070516671e-9,-7.312259806335358e-11,0.16451177218904525,0.020336188072362097,-0.0012455880469599725,0.0
