branch_index,edge_source,sweep_file,iteration,target_log10_EI,sample_index,curve_point_index,EI,log10_EI,xM_over_L,motor_position,omega,U,power,power_input,thrust,tail_flat_ratio,eta_left_beam_re,eta_left_beam_im,eta_left_beam_abs,eta_left_beam_phase_deg,eta_right_beam_re,eta_right_beam_im,eta_right_beam_abs,eta_right_beam_phase_deg,alpha_beam,sa_ratio_beam
1,beam,sweep_motor_position_EI_coupled_from_matlab.jld2,1,-5.13803315281565,1,1,7.277242500000003e-6,-5.13803315281565,0.1007155822486373,0.005035779112431866,502.6548245743669,Inf,-0.9541039432616305,0.9541039432616305,-9.861109433134427e-5,0.0003223053550487082,-0.000565639655874158,-0.00026733477263705767,0.0006256325606602834,-154.7034665002396,0.000574378263290641,0.0002680071905264517,0.0006338282444910882,25.013944594910885,0.013014040241020063,-2.157459172689545
1,beam,sweep_motor_position_EI_coupled_from_matlab.jld2,1,-5.083553344768936,2,2,8.2498614548932e-6,-5.083553344768936,0.0958206650355425,0.004791033251777125,502.6548245743669,Inf,-7.764663431263088,7.764663431263088,-7.470094858237232e-5,0.00032230536335318424,0.000101083517854425,-0.0017452809453109971,0.001748205781836759,-86.68523517810412,-6.81298881087164e-5,0.0017483878155037944,0.0017497147296218994,92.23153068763759,0.0008627683215748663,-2.0239656386149365
1,beam,sweep_motor_position_EI_coupled_from_matlab.jld2,1,-5.061770832951933,3,3,8.67419471998817e-6,-5.061770832951933,0.11491292440816048,0.005745646220408024,502.6548245743669,Inf,-3.7819794883920106,3.7819794883920106,-0.0005921979195304609,0.00032230536050011354,0.0009243409475183843,-0.0007605594874651615,0.0011970200170558778,-39.44798246150241,-0.0009547460604317906,0.0007574303848457667,0.0012187045695317756,141.5739148937368,0.017951388565577736,-1.8977957688140108
1,beam,sweep_motor_position_EI_coupled_from_matlab.jld2,1,-5.025403264925965,4,5,9.431846737159753e-6,-5.025403264925965,0.10476413794577025,0.005238206897288513,502.6548245743669,Inf,-0.8915670832329351,0.8915670832329351,0.00010463331340912972,0.0003223053560547698,0.0005632817118085522,-0.00014094559110838117,0.0005806478679120968,-14.048225261599677,-0.0005539062566699482,0.00014189086541460325,0.0005717911846699103,165.63184298902274,-0.015369420468786412,-2.0874276368385365
1,beam,sweep_motor_position_EI_coupled_from_matlab.jld2,1,-4.985620880237854,5,7,1.03366335414707e-5,-4.985620880237854,0.10685586857954718,0.005342793428977359,502.6548245743669,Inf,-0.34094646444821997,0.34094646444821997,5.6484697188405914e-5,0.00032230536544774883,0.0003513876153352141,-3.845303842811768e-5,0.00035348534959078954,-6.245139792284438,-0.0003436443323208893,3.92953559379932e-5,0.0003458837263222474,173.47662392649846,-0.021735949085254242,-1.9532255543566022
1,beam,sweep_motor_position_EI_coupled_from_matlab.jld2,1,-4.945856155385285,6,9,1.132775492737384e-5,-4.945856155385285,0.10956930179236143,0.005478465089618072,502.6548245743669,Inf,-0.18000220075458842,0.18000220075458842,2.268525965078797e-5,0.0003223053534578569,0.00025128410314112395,-1.232129215049529e-5,0.0002515859986797693,-2.807153632295826,-0.0002470055401755778,1.2814092835110545e-5,0.0002473377000228954,177.03028582491768,-0.017028618491017753,-2.0638739892927878
1,beam,sweep_motor_position_EI_coupled_from_matlab.jld2,1,-4.906093394134155,7,11,1.241385321528559e-5,-4.906093394134155,0.11230907044128965,0.005615453522064483,502.6548245743669,Inf,-0.11287728263653335,0.11287728263653335,2.9445644309583264e-6,0.0003223053527516833,0.00019443738404579134,-2.956380967335107e-6,0.00019445985833326779,-0.8711035756891463,-0.0001936067639247464,3.047362751114141e-6,0.00019363074512367443,179.0982411772911,-0.0042727621746835795,-2.6669408664687393
1,beam,sweep_motor_position_EI_coupled_from_matlab.jld2,1,-4.866288966117967,8,13,1.36053912057593e-5,-4.866288966117967,0.11434021067909042,0.005717010533954521,502.6548245743669,Inf,-0.07879762056314771,0.07879762056314771,-8.373557422750288e-7,0.00032230535731963113,0.00015920002473497708,1.1887078922787966e-6,0.00015920446256958529,0.42780571000976575,-0.0001594045232344706,-1.2137935199654907e-6,0.00015940914441247713,-179.5637269230456,0.0012848274771395539,-3.1893309697613934
1,beam,sweep_motor_position_EI_coupled_from_matlab.jld2,1,-4.8264605541723125,9,15,1.4912121921906502e-5,-4.8264605541723125,0.11585178851506406,0.005792589425753203,502.6548245743669,Inf,-0.05926985385700522,0.05926985385700522,3.1138998521056037e-6,0.000322305355721208,0.00013611413287958578,3.350561136684397e-6,0.00013615536504116242,1.4100978902092773,-0.00013541390475255266,-3.2017641834553228e-6,0.0001354517511670479,-178.64553495498657,-0.00518108039306429,-2.5791111227327925
1,beam,sweep_motor_position_EI_coupled_from_matlab.jld2,1,-4.786639300620042,10,17,1.6344088279115034e-5,-4.786639300620042,0.11753252702973895,0.005876626351486947,502.6548245743669,Inf,-0.04713771648589836,0.04713771648589836,5.196475932453157e-6,0.00032230536238086956,0.00011963038432343972,4.539640829814334e-6,0.00011971648671857026,2.173172985405325,-0.00011838923269158325,-4.240222658426382e-6,0.00011846514215369379,-177.94877410512353,-0.010507191779653818,-2.270799743799268
1,beam,sweep_motor_position_EI_coupled_from_matlab.jld2,1,-4.746837858814247,11,19,1.791274490575426e-5,-4.746837858814247,0.11963994057892106,0.005981997028946053,502.6548245743669,Inf,-0.039160194634869756,0.039160194634869756,2.635512053246244e-6,0.0003223053516644136,0.00010680451289007444,5.128277909459706e-6,0.0001069275605632277,2.748977337940503,-0.0001065531116327669,-4.9395858385820046e-6,0.0001066675447682265,-177.34578430243744,-0.0024346570047349796,-2.832196654301677
1,beam,sweep_motor_position_EI_coupled_from_matlab.jld2,1,-4.7070284650092535,12,21,1.9632315963224532e-5,-4.7070284650092535,0.12159042078055618,0.00607952103902781,502.6548245743669,Inf,-0.03370637344811956,0.03370637344811956,2.6154078770496277e-6,0.0003223053553609171,9.738734228547729e-5,5.554189917027446e-6,9.754559684098058e-5,3.264153984201944,-9.73430114367575e-5,-5.322381351575974e-6,9.748840761253773e-5,-176.8703798817898,-0.000586453871834821,-2.9171807444395137
1,beam,sweep_motor_position_EI_coupled_from_matlab.jld2,1,-4.667217802733541,13,23,2.151702365283957e-5,-4.667217802733541,0.12351593597618175,0.006175796798809088,502.6548245743669,Inf,-0.029893789605670174,0.029893789605670174,3.7435918333482935e-6,0.00032230535695061614,9.035677602252361e-5,5.93160706993884e-6,9.055126136955048e-5,3.7558789174264744,-9.010875632315767e-5,-5.509297090298159e-6,9.027701989174972e-5,-176.50126097535698,-0.0030331632322734368,-2.5672868078861146
1,beam,sweep_motor_position_EI_coupled_from_matlab.jld2,1,-4.627418420573823,14,25,2.3582051280304597e-5,-4.627418420573823,0.12566176688010663,0.006283088344005332,502.6548245743669,Inf,-0.027205348020851627,0.027205348020851627,1.9133351105738687e-6,0.00032230536269366584,8.438309607573967e-5,6.0980310180210746e-6,8.460314938360308e-5,4.133352975908375,-8.511158543603741e-5,-5.792446553307887e-6,8.530846624168567e-5,-176.1066198334807,0.008302018694230322,-2.332602467275617
1,beam,sweep_motor_position_EI_coupled_from_matlab.jld2,1,-4.5876248127414065,15,27,2.5844919706127257e-5,-4.5876248127414065,0.12791309416746532,0.006395654708373267,502.6548245743669,Inf,-0.025336120878563913,0.025336120878563913,-3.44004964475418e-6,0.0003223053552567547,7.896390872222283e-5,5.705247609287876e-6,7.916974631116879e-5,4.132515460133106,-8.211757547069845e-5,-6.597066898119129e-6,8.238214304595453e-5,-175.40690221438948,0.039753506751662775,-1.6927870740663777
1,beam,sweep_motor_position_EI_coupled_from_matlab.jld2,1,-4.547832804397181,16,27,2.8324822408923472e-5,-4.547832804397181,0.13019263578466067,0.006509631789233034,502.6548245743669,Inf,-0.024168554299881406,0.024168554299881406,-5.810352215342825e-6,0.00032230534647141026,7.542480233307808e-5,2.224819735570731e-6,7.545760816405253e-5,1.6895745920034728,-7.930367938561616e-5,-1.0502093911729595e-5,7.999604703125892e-5,-172.45628133967392,0.05833988115013506,-1.230037945798756
1,beam,sweep_motor_position_EI_coupled_from_matlab.jld2,1,-4.508040796052956,17,27,3.1042679707255844e-5,-4.508040796052956,0.13247217740185604,0.006623608870092803,502.6548245743669,Inf,-0.023460941703313826,0.023460941703313826,1.5408502651148835e-5,0.00032230535907256817,7.72877213329737e-5,4.10042461357022e-6,7.7396416912251e-5,3.0369244168073624,-7.281222593063381e-5,-9.101362190431907e-6,7.337884598912064e-5,-172.87511230598602,-0.053254364650428564,-1.3512574093769951
1,beam,sweep_motor_position_EI_coupled_from_matlab.jld2,1,-4.468248787708731,18,27,3.4021324105590346e-5,-4.468248787708731,0.13475171901905142,0.006737585950952571,502.6548245743669,Inf,-0.023142234729585265,0.023142234729585265,1.3312527974256837e-5,0.000322305350774816,7.494145327228719e-5,6.052821852436779e-6,7.518549109329367e-5,4.617604353606588,-7.203214801211322e-5,-7.70642659821149e-6,7.244321471437203e-5,-173.89338560063655,-0.03713817675875302,-1.6445548966819006
1,beam,sweep_motor_position_EI_coupled_from_matlab.jld2,1,-4.428456779364506,19,27,3.7285778960219176e-5,-4.428456779364506,0.13703126063624677,0.006851563031812339,502.6548245743669,Inf,-0.023273130793163652,0.023273130793163652,1.1159913810833082e-5,0.00032230535155794237,7.334721939608602e-5,6.846877645238199e-6,7.366610025395968e-5,5.333039517352165,-7.186480365581185e-5,-7.5849186207043886e-6,7.226396747322345e-5,-173.97506418216253,-0.019214728968912836,-1.9450824818801216
1,beam,sweep_motor_position_EI_coupled_from_matlab.jld2,1,-4.388697868945725,20,29,4.08603545799456e-5,-4.388697868945725,0.1398071098130949,0.006990355490654746,502.6548245743669,Inf,-0.023860380804862566,0.023860380804862566,1.4788406758067942e-5,0.00032230535736893213,7.358654224805358e-5,7.344318876567742e-6,7.395213465333698e-5,5.6995416819552105,-7.117349913368765e-5,-7.908500070896213e-6,7.161153086133826e-5,-173.65954305518326,-0.03215086360538833,-1.7689239033441173
1,beam,sweep_motor_position_EI_coupled_from_matlab.jld2,1,-4.3489048025314965,21,31,4.478114538111768e-5,-4.3489048025314965,0.14205307605007894,0.007102653802503947,502.6548245743669,Inf,-0.024897967434247745,0.024897967434247745,1.2898396842174e-5,0.000322305358872401,7.33246517602622e-5,7.997543978923933e-6,7.37595096611857e-5,6.224663845000589,-7.226321891752776e-5,-8.278780659359733e-6,7.273589909754557e-5,-173.4644462190512,-0.013973961359690572,-2.1251967068789077
1,beam,sweep_motor_position_EI_coupled_from_matlab.jld2,1,-4.309104358079818,22,33,4.907899284217168e-5,-4.309104358079818,0.1441733138727535,0.0072086656936376755,502.6548245743669,Inf,-0.0265010450385458,0.0265010450385458,1.099553402061576e-5,0.0003223053492946301,7.375383075531629e-5,8.720061227331916e-6,7.42675367767927e-5,6.742890387878519,-7.402095223741289e-5,-8.843298307675133e-6,7.454733593557781e-5,-173.187152593733,0.003760352235961867,-2.704034638813299
1,beam,sweep_motor_position_EI_coupled_from_matlab.jld2,1,-4.2693297563590304,23,35,5.378612336589212e-5,-4.2693297563590304,0.14673627203523731,0.007336813601761866,502.6548245743669,Inf,-0.02880572685341695,0.02880572685341695,1.2502272222477477e-5,0.0003223053623968823,7.554509790316501e-5,9.573043345072368e-6,7.614922833545603e-5,7.222004841703912,-7.592125476013682e-5,-9.622692672684275e-6,7.65286426027963e-5,-172.77652237976147,0.004970097132402316,-2.6046566290598743
1,beam,sweep_motor_position_EI_coupled_from_matlab.jld2,1,-4.229564974662463,24,37,5.894337854630446e-5,-4.229564974662463,0.14944953452552232,0.007472476726276116,502.6548245743669,Inf,-0.032031098450747704,0.032031098450747704,1.4946793705306397e-5,0.0003223053639621616,7.83042596435853e-5,1.0660156862361536e-5,7.902655264314758e-5,7.752453203283304,-7.858933360023774e-5,-1.0644486006448577e-5,7.930692553661966e-5,-172.28654658079543,0.0035415379937192367,-2.7439599904544028
1,beam,sweep_motor_position_EI_coupled_from_matlab.jld2,1,-4.189812916767608,25,39,6.459324206899452e-5,-4.189812916767608,0.1523417185914065,0.007617085929570325,502.6548245743669,Inf,-0.03653684598378299,0.03653684598378299,1.851625180827078e-5,0.0003223053543788561,8.220589994001528e-5,1.2084517459332167e-5,8.308938287875719e-5,8.362757774938448,-8.222234855421156e-5,-1.2001278724667472e-5,8.30935935725337e-5,-171.6956773688451,5.067539243446603e-5,-3.291943034487079
1,beam,sweep_motor_position_EI_coupled_from_matlab.jld2,1,-4.1500595520509,26,41,7.078487149192156e-5,-4.1500595520509,0.15521297229611758,0.007760648614805879,502.6548245743669,Inf,-0.04293293132824949,0.04293293132824949,2.2391306901178265e-5,0.00032230535711915814,8.738596133793573e-5,1.4005382982389379e-5,8.85011694354295e-5,9.105382349613075,-8.727501957550495e-5,-1.385401969635044e-5,8.8367770729218e-5,-170.98013839295177,-0.0015084460867251341,-2.974263441567728
1,beam,sweep_motor_position_EI_coupled_from_matlab.jld2,1,-4.11027930570117,27,43,7.757480530874628e-5,-4.11027930570117,0.1576880990712385,0.007884404953561927,502.6548245743669,Inf,-0.05230934344546393,0.05230934344546393,2.5064387751682067e-5,0.0003223053746538601,9.41285214206854e-5,1.669009909507156e-5,9.559674655890618e-5,10.054716209062569,-9.44235368530664e-5,-1.648729456163744e-5,9.585215278648982e-5,-170.09543682427994,0.0026681351932591633,-2.7281698401769714
1,beam,sweep_motor_position_EI_coupled_from_matlab.jld2,1,-4.070525371755659,28,45,8.501090278348268e-5,-4.070525371755659,0.16054445991731736,0.008027222995865868,502.6548245743669,Inf,-0.06655350014440821,0.06655350014440821,3.090974014436932e-5,0.0003223053450019828,0.00010365563143622146,2.0624267409769337e-5,0.00010568751267123026,11.253126636846925,-0.00010388305790598706,-2.0356695132233804e-5,0.00010585879631190491,-168.91293310271394,0.00161934783177431,-2.7798922479444217
1,beam,sweep_motor_position_EI_coupled_from_matlab.jld2,1,-4.030809461524477,29,47,9.31516471032073e-5,-4.030809461524477,0.16389744265421327,0.008194872132710664,502.6548245743669,Inf,-0.08948373451020905,0.08948373451020905,4.160823864507892e-5,0.00032230533097212113,0.00011719716784213737,2.6749516450535025e-5,0.00012021111754141362,12.85715571638974,-0.00011688091080403303,-2.639229024362929e-5,0.00011982362160560952,-167.2757252328155,-0.0032286570464101464,-2.70165993900476
1,beam,sweep_motor_position_EI_coupled_from_matlab.jld2,1,-3.9910998258111796,30,49,0.00010207048401554762,-3.9910998258111796,0.16732184624433066,0.008366092312216534,502.6548245743669,Inf,-0.1297937730338899,0.1297937730338899,5.6898714331459804e-5,0.00032230535766467744,0.00013675980979486102,3.713439240525296e-5,0.00014171170972941466,15.191250271425584,-0.000135910774588759,-3.668025567615955e-5,0.00014077350534026244,-164.89657569048572,-0.0066424293389952685,-2.467432081728137
1,beam,sweep_motor_position_EI_coupled_from_matlab.jld2,1,-3.951423289698437,31,51,0.00011183473430640504,-3.951423289698437,0.17110539789243945,0.008555269894621973,502.6548245743669,Inf,-0.2097739956353357,0.2097739956353357,8.259588426954122e-5,0.0003223053613120745,0.0001665879323656521,5.70055669961343e-5,0.0001760715021757179,18.890693005869895,-0.00016495553769891252,-5.6431834693422394e-5,0.0001743412784867746,-161.11401304821027,-0.009875105027764279,-2.3064626629661564
1,beam,sweep_motor_position_EI_coupled_from_matlab.jld2,1,-3.9116447316060685,32,53,0.00012256183889020614,-3.9116447316060685,0.1734855088709925,0.008674275443549626,502.6548245743669,Inf,-0.40368018991799093,0.40368018991799093,0.00011101723931645153,0.00032230534251468615,0.00021378030782549513,0.00010306249083408973,0.00023732656200031694,25.738499436729352,-0.00021254639776150183,-0.00010243979129657792,0.0002359446588551582,-154.26758976044115,-0.005839743903864756,-2.5345605854777626
1,beam,sweep_motor_position_EI_coupled_from_matlab.jld2,1,-3.871793189878554,33,55,0.0001343404535266049,-3.871793189878554,0.17404757361372886,0.008702378680686443,502.6548245743669,Inf,-1.0175939324600909,1.0175939324600909,0.000129709595689761,0.0003223053468982968,0.00027384812197621763,0.00024146790584209777,0.00036510210005102624,41.40450968597833,-0.0002742872233261865,-0.0002408942439616757,0.00036505276009620396,-138.7086040235584,-0.00013514928761012914,-3.0046219738814175
1,beam,sweep_motor_position_EI_coupled_from_matlab.jld2,1,-3.832190225588499,34,57,0.0001471667755157066,-3.832190225588499,0.1750976259947347,0.008754881299736735,502.6548245743669,Inf,-2.550709464424745,2.550709464424745,3.5442230136896604e-5,0.00032230539180039323,5.3760768392093355e-5,0.0005587020747562391,0.0005612826636865194,84.50367042310826,-5.5302889454792656e-5,-0.0005581504352064354,0.0005608835154496719,-95.6585348408407,-0.0007113887297069129,-2.8357914434375107
1,beam,sweep_motor_position_EI_coupled_from_matlab.jld2,1,-3.792948421371704,35,59,0.00016108369335468914,-3.792948421371704,0.1802625827367363,0.009013129136836814,502.6548245743669,Inf,-1.3482674029260986,1.3482674029260986,-0.00015868613593212542,0.0003223053532719266,-0.00028775697526318614,0.0002713618480734572,0.00039552664815718796,136.67961165578748,0.0002880648038443491,-0.0002705951221808307,0.0003952253172077189,-43.208905068499924,-0.0007621376080240277,-2.980948334010218
1,beam,sweep_motor_position_EI_coupled_from_matlab.jld2,1,-3.7531784450684924,36,61,0.00017653123313728675,-3.7531784450684924,0.18283473230307787,0.009141736615153894,502.6548245743669,Inf,-0.4829469320608374,0.4829469320608374,-0.00012995384734984972,0.0003223053631276827,-0.00021118691293342423,8.818863488925832e-5,0.00022886054163612525,157.3352824169943,0.0002115338378088166,-8.734796895126158e-5,0.00022885854193810919,-22.43703721915311,-8.737665034232449e-6,-2.7018254299286686
1,beam,sweep_motor_position_EI_coupled_from_matlab.jld2,1,-3.7133511589476433,37,63,0.00019348568575734202,-3.7133511589476433,0.18437573748555167,0.009218786874277584,502.6548245743669,Inf,-0.22865633910450583,0.22865633910450583,-9.276853479228866e-5,0.00032230535875343603,-0.00014765193624193776,3.748689564200115e-5,0.00015233634372948413,165.7543450014679,0.00014743555856201436,-3.6628191378369846e-5,0.0001519173075463874,-13.951833178694764,-0.0027545134560920826,-2.536023080815991
1,beam,sweep_motor_position_EI_coupled_from_matlab.jld2,1,-3.673557397091485,38,65,0.0002120521122920589,-3.673557397091485,0.18660102264624429,0.009330051132312214,502.6548245743669,Inf,-0.1314587983450576,0.1314587983450576,-7.410426903256438e-5,0.0003223053578351054,-0.00010978948753206913,1.9182031243618634e-5,0.00011145259932000476,170.08951783572718,0.00010952229004214788,-1.8259295733109004e-5,0.00011103393128564573,-9.465162794474871,-0.003763522678876867,-2.3647383401629933
1,beam,sweep_motor_position_EI_coupled_from_matlab.jld2,1,-3.6337912407111617,39,67,0.0002323853571866048,-3.6337912407111617,0.18929077155580948,0.009464538577790475,502.6548245743669,Inf,-0.08554982580616599,0.08554982580616599,-6.432482695981865e-5,0.000322305330885973,-8.573096542423655e-5,1.102195431502013e-5,8.643657738188176e-5,172.6739867482387,8.57551421638899e-5,-9.999071188445184e-6,8.633612124818071e-5,-6.650670837010264,-0.0011628700661237602,-2.2275202835405596
1,beam,sweep_motor_position_EI_coupled_from_matlab.jld2,1,-3.59399417135473,40,69,0.0002546864433700249,-3.59399417135473,0.19147749456283245,0.009573874728141623,502.6548245743669,Inf,-0.06055230872408534,0.06055230872408534,-5.6253024966662525e-5,0.00032230537396935987,-6.95846275255348e-5,6.8245983279876915e-6,6.991849204756769e-5,174.398559775537,6.964780934960926e-5,-5.725116515713106e-6,6.988271822359237e-5,-4.699202691527098,-0.0005117812866350152,-2.103593529723769
1,beam,sweep_motor_position_EI_coupled_from_matlab.jld2,1,-3.554204406869408,41,71,0.00027912298000556186,-3.554204406869408,0.19379358702918575,0.009689679351459288,502.6548245743669,Inf,-0.045569744713888374,0.045569744713888374,-5.111568018655925e-5,0.0003223053562204299,-5.799372557301481e-5,4.465266367205143e-6,5.816537466197777e-5,175.59715925736472,5.823091649551676e-5,-3.2717539091133433e-6,5.832275721834184e-5,-3.215831314785538,0.0027021168001150017,-1.9810202192881436
1,beam,sweep_motor_position_EI_coupled_from_matlab.jld2,1,-3.514398328199447,42,73,0.00030591563355729655,-3.514398328199447,0.19577921441244125,0.009788960720622063,502.6548245743669,Inf,-0.03590900654734084,0.03590900654734084,-4.669688365208716e-5,0.00032230534538275554,-4.9442552456198314e-5,3.038482351375947e-6,4.9535829137943625e-5,176.48332181008996,4.971513001234942e-5,-1.7636622816204618e-6,4.9746403455811926e-5,-2.031736545540667,0.0042419144917014585,-1.881678991100495
1,beam,sweep_motor_position_EI_coupled_from_matlab.jld2,1,-3.474555243964869,43,75,0.0003353086491597269,-3.474555243964869,0.19683327931298059,0.00984166396564903,502.6548245743669,Inf,-0.029264168517273367,0.029264168517273367,-4.130608943804405e-5,0.00032230535294794593,-4.315513288104421e-5,2.105143604697656e-6,4.320644770838009e-5,177.20727753938857,4.2969989946236e-5,-8.077253522847183e-7,4.297758085588749e-5,-1.0768865452990783,-0.005311082397699933,-1.8179206243678718
1,beam,sweep_motor_position_EI_coupled_from_matlab.jld2,1,-3.4347407873255538,44,77,0.0003675015817663761,-3.4347407873255538,0.19862198203867384,0.009931099101933693,502.6548245743669,Inf,-0.024611319889206708,0.024611319889206708,-3.876291136185393e-5,0.00032230538387825503,-3.799305554557025e-5,1.5154498872440075e-6,3.8023267324751756e-5,177.71582262775112,3.783747279313303e-5,-1.3293088151603524e-7,3.7837706299276956e-5,-0.20129111646350556,-0.004892104763754331,-1.7365428085852745
1,beam,sweep_motor_position_EI_coupled_from_matlab.jld2,1,-3.394969345565343,45,79,0.00040274546088675176,-3.394969345565343,0.201221072083595,0.01006105360417975,502.6548245743669,Inf,-0.021305341078541627,0.021305341078541627,-3.8615924668311194e-5,0.0003223053498491535,-3.356510565806691e-5,1.1602252316127215e-6,3.358515208280686e-5,178.02027877688207,3.3979320935493344e-5,3.8694980938081236e-7,3.398152411814744e-5,0.6524448414267052,0.01173236326450005,-1.6250467892847198
1,beam,sweep_motor_position_EI_coupled_from_matlab.jld2,1,-3.355128424271129,46,81,0.00044143989082660184,-3.355128424271129,0.202210486265746,0.010110524313287302,502.6548245743669,Inf,-0.018677539845765034,0.018677539845765034,-3.561223380378949e-5,0.0003223053068769099,-3.0387063357751153e-5,8.704661816917865e-7,3.0399528464787933e-5,178.3591569051613,3.04533243505704e-5,7.23006665808426e-7,3.046190576178463e-5,1.3600304995586885,0.0020498114205234675,-1.581473430378641
1,beam,sweep_motor_position_EI_coupled_from_matlab.jld2,1,-3.315278914022713,47,83,0.0004838615206497493,-3.315278914022713,0.20286917307714222,0.010143458653857112,502.6548245743669,Inf,-0.016606980549412276,0.016606980549412276,-3.250502709766815e-5,0.00032230539542805103,-2.7875434914259456e-5,6.541567781866261e-7,2.7883109452669774e-5,178.655678568698,2.741950723209834e-5,9.628802431677675e-7,2.743640856988713e-5,2.0112073026204307,-0.01614879426969515,-1.5173614477051527
1,beam,sweep_motor_position_EI_coupled_from_matlab.jld2,1,-3.2754888837559415,48,85,0.0005302871657376921,-3.2754888837559415,0.20515027082035106,0.010257513541017553,502.6548245743669,Inf,-0.01516472985614994,0.01516472985614994,-3.2961932547753027e-5,0.00032230537568231474,-2.5279015764197378e-5,5.822920582526025e-7,2.528572130764008e-5,178.68044789127993,2.5360839266693442e-5,1.2309472553707153e-6,2.5390695135355486e-5,2.778802976990681,0.0041428887301559105,-1.445631221157793
1,beam,sweep_motor_position_EI_coupled_from_matlab.jld2,1,-3.2356803619206,49,87,0.0005811920139113196,-3.2356803619206,0.20699679760148484,0.010349839880074242,502.6548245743669,Inf,-0.01400064305619625,0.01400064305619625,-3.2872995878037506e-5,0.00032230529020684504,-2.3157873418702935e-5,5.456661903468662e-7,2.316430126008457e-5,178.65019619886033,2.356462167839914e-5,1.4528308351785713e-6,2.3609364927539332e-5,3.5279940854632157,0.019028800229736312,-1.3600907269619271
1,beam,sweep_motor_position_EI_coupled_from_matlab.jld2,1,-3.1958236852919764,50,89,0.0006370540993957206,-3.1958236852919764,0.20697851336460496,0.010348925668230249,502.6548245743669,Inf,-0.012834114543042103,0.012834114543042103,-2.9424398201770658e-5,0.00032230531798235296,-2.1948432220933778e-5,4.411561906149366e-7,2.1952865319621535e-5,178.84852892725036,2.143622026013943e-5,1.5449371818255762e-6,2.149182100095288e-5,4.122256251789489,-0.021222038466188822,-1.3254940946231566
1,beam,sweep_motor_position_EI_coupled_from_matlab.jld2,1,-3.1559853928811545,51,91,0.0006982558889144305,-3.1559853928811545,0.208029494270494,0.0104014747135247,502.6548245743669,Inf,-0.011993208760531494,0.011993208760531494,-2.8223288316167735e-5,0.00032230538749678704,-2.061572746657716e-5,4.303033103231788e-7,2.0620217746548144e-5,178.8042631919757,1.99073614288185e-5,1.6888420665189906e-6,1.9978869502132862e-5,4.849079826744386,-0.031586337535535816,-1.2587502645334794
1,beam,sweep_motor_position_EI_coupled_from_matlab.jld2,1,-3.116216603988128,52,93,0.0007652148614872749,-3.116216603988128,0.21067583991591837,0.010533791995795919,502.6548245743669,Inf,-0.011540444446861541,0.011540444446861541,-3.0469738890775668e-5,0.0003223053973577871,-1.8866240678808492e-5,5.834430381468826e-7,1.887526008110856e-5,178.22867875103427,1.922403648052496e-5,1.9692285854876593e-6,1.9324632980381705e-5,5.84873595761032,0.023524187390909255,-1.1698816408486141
1,beam,sweep_motor_position_EI_coupled_from_matlab.jld2,1,-3.076386101870249,53,95,0.0008387140110311285,-3.076386101870249,0.21196079995104242,0.01059803999755212,502.6548245743669,Inf,-0.011014260949186908,0.011014260949186908,-3.0158254423028366e-5,0.00032230533934428905,-1.7764115138310657e-5,6.861199732990111e-7,1.777736052581816e-5,177.7881111814905,1.8203745414206683e-5,2.1719307972863316e-6,1.8332856583016506e-5,6.803927485979887,0.030759418029573923,-1.0951368008025466
1,beam,sweep_motor_position_EI_coupled_from_matlab.jld2,1,-3.0365290105222855,54,97,0.0009193290623104875,-3.0365290105222855,0.21191834994915623,0.010595917497457813,502.6548245743669,Inf,-0.01034853646338662,0.01034853646338662,-2.6819452584417373e-5,0.00032230533052236436,-1.7404559386757958e-5,6.850427055482425e-7,1.7418035794991623e-5,177.74600408134586,1.668198941667192e-5,2.2475663864710627e-6,1.683271592939026e-5,7.673260843766049,-0.034168533399757346,-1.052986586451448
1,beam,sweep_motor_position_EI_coupled_from_matlab.jld2,1,-2.996683466914898,55,99,0.001007665832835911,-2.996683466914898,0.2128025202299037,0.010640126011495186,502.6548245743669,Inf,-0.009901409512417135,0.009901409512417135,-2.5362512387508974e-5,0.0003223053318936428,-1.6832971827883996e-5,8.224998028870635e-7,1.6853054514956198e-5,177.20261421197253,1.562924119047069e-5,2.4506649617059723e-6,1.582020666566777e-5,8.911418025006697,-0.06315970532897833,-0.9694109257106501
1,beam,sweep_motor_position_EI_coupled_from_matlab.jld2,1,-2.9568702237493305,56,101,0.0011044085909236755,-2.9568702237493305,0.21466999313167973,0.010733499656583987,502.6548245743669,Inf,-0.009710893375691653,0.009710893375691653,-2.643156286066068e-5,0.00032230535083882094,-1.5884019787113624e-5,1.2429880791714971e-6,1.5932579953114296e-5,175.52549471386246,1.5192968563482686e-5,2.9303050127751085e-6,1.547297583656318e-5,10.916727806760312,-0.029262701679221466,-0.8667252847626722
1,beam,sweep_motor_position_EI_coupled_from_matlab.jld2,1,-2.9170362119954754,57,103,0.001210497196632395,-2.9170362119954754,0.21601901695356027,0.010800950847678015,502.6548245743669,Inf,-0.009468046078432268,0.009468046078432268,-2.5709396985918084e-5,0.000322305367253027,-1.5410643555095323e-5,1.7870829534339857e-6,1.5513916341938142e-5,173.3852860573169,1.4438889662099117e-5,3.523005589573609e-6,1.486247297923329e-5,13.711924180304347,-0.0428717108276275,-0.7434159138711124
1,beam,sweep_motor_position_EI_coupled_from_matlab.jld2,1,-2.8772152525318115,58,105,0.0013267367145776737,-2.8772152525318115,0.21767923874771852,0.010883961937385927,502.6548245743669,Inf,-0.00934479160710271,0.00934479160710271,-2.466708294983561e-5,0.0003223053146418827,-1.5144282028504814e-5,2.889907429265497e-6,1.541754984128859e-5,169.19641844990718,1.3644035626575902e-5,4.669530885642053e-6,1.4420964838430107e-5,18.89298356235555,-0.06672413487268472,-0.5731664737602106
1,beam,sweep_motor_position_EI_coupled_from_matlab.jld2,1,-2.837675171255937,59,107,0.0014531981246814595,-2.837675171255937,0.22244558703738,0.011122279351869,502.6548245743669,Inf,-0.011209179422972579,0.011209179422972579,-3.097347329773259e-5,0.00032230534673729274,-1.3739192539138253e-5,8.80791542093189e-6,1.632007309082291e-5,147.33689799375767,1.4266276822238589e-5,1.0643207876262656e-5,1.7799003575090416e-5,36.72439735937459,0.08652971266308782,-0.1590693455398945
1,beam,sweep_motor_position_EI_coupled_from_matlab.jld2,1,-2.7978182471669246,60,107,0.0015928752080271627,-2.7978182471669246,0.22228483812091354,0.011114241906045678,502.6548245743669,Inf,-0.008816595912159653,0.008816595912159653,3.3336099559038553e-6,0.0003223053856619894,-2.07681073436448e-5,5.133064955766858e-6,2.1393051172688645e-5,166.11695600606168,6.3497536596921135e-6,6.993477108958834e-6,9.446062333708401e-6,47.7620044520319,-0.6736895018448066,-0.1591963957432167
1,beam,sweep_motor_position_EI_coupled_from_matlab.jld2,1,-2.7579613230779128,61,107,0.001745977637360177,-2.7579613230779128,0.22212408920444712,0.011106204460222356,502.6548245743669,Inf,-0.007957163249837544,0.007957163249837544,-4.0665496315624766e-6,0.00032230536714263606,-1.827205534425342e-5,-1.828141839291785e-6,1.8363281544648523e-5,-174.28649997025403,8.049110802872511e-6,5.3192347353981526e-8,8.049286561101922e-6,0.3786322135819079,-0.6776575467151454,-0.4053864182003647
1,beam,sweep_motor_position_EI_coupled_from_matlab.jld2,1,-2.7181043989889,62,107,0.0019137958170228786,-2.7181043989889,0.22196334028798065,0.011098167014399033,502.6548245743669,Inf,-0.008279650731903702,0.008279650731903702,-1.7693710774244798e-5,0.000322305339928381,-1.4695304875581126e-5,-2.90556584111936e-6,1.4979796335176191e-5,-168.81569427508668,1.0909362621572337e-5,-1.0067604737322906e-6,1.0955718117057837e-5,-5.272554399117138,-0.3030193230907612,-0.6735734893043965
1,beam,sweep_motor_position_EI_coupled_from_matlab.jld2,1,-2.678247474899888,63,107,0.0020977441811866125,-2.678247474899888,0.2218025913715142,0.011090129568575711,502.6548245743669,Inf,-0.008476717275496225,0.008476717275496225,-2.4391670155288333e-5,0.00032230535102867303,-1.2790517996473305e-5,-2.703648810972175e-6,1.3073142985188327e-5,-168.0645600560405,1.2168617346473612e-5,-7.90224176300655e-7,1.2194248741669515e-5,-3.7155433216699194,-0.06948340032180372,-0.8484217250341349
1,beam,sweep_motor_position_EI_coupled_from_matlab.jld2,1,-2.6383905508108754,64,107,0.0022993731152301357,-2.6383905508108754,0.22164184245504776,0.011082092122752388,502.6548245743669,Inf,-0.00854556345802226,0.00854556345802226,-2.7738139861030412e-5,0.00032230540067475943,-1.168874948223564e-5,-2.3898795443430307e-6,1.1930565313300673e-5,-168.44457907785724,1.2687832458278069e-5,-4.6420425663209973e-7,1.2696321438952697e-5,-2.0953214028881697,0.06212855667526632,-0.9077565234900591
1,beam,sweep_motor_position_EI_coupled_from_matlab.jld2,1,-2.5985369099652846,65,109,0.0025203629690820632,-2.5985369099652846,0.221999831550157,0.01109999157750785,502.6548245743669,Inf,-0.008519501756187257,0.008519501756187257,-2.889443679534555e-5,0.00032230532542297735,-1.1154696439616733e-5,-2.0973185247483524e-6,1.1350154080639206e-5,-169.35150348222732,1.2727811934062283e-5,-1.5773097698584875e-7,1.272878924681995e-5,-0.7100086587873634,0.1141354579179963,-0.940248275580899
1,beam,sweep_motor_position_EI_coupled_from_matlab.jld2,1,-2.5587358369019944,66,111,0.002762257510597831,-2.5587358369019944,0.2240826563369216,0.01120413281684608,502.6548245743669,Inf,-0.008426058015990697,0.008426058015990697,-2.784299512571413e-5,0.000322305400448705,-1.1273223289127013e-5,-1.8300654329116641e-6,1.1420801321065603e-5,-170.77919221594874,1.2278072705744657e-5,1.3432341823521844e-7,1.2278807439985299e-5,0.6267969021090473,0.0723119966762345,-1.078810055194749
1,beam,sweep_motor_position_EI_coupled_from_matlab.jld2,1,-2.5189198778149517,67,113,0.003027471909271562,-2.5189198778149517,0.2258620338066863,0.011293101690334316,502.6548245743669,Inf,-0.008386476233903569,0.008386476233903569,-2.7449523778550396e-5,0.00032230537454745235,-1.1241519048718695e-5,-1.6607927821117644e-6,1.136353744165169e-5,-171.596061123646,1.2010136797495066e-5,3.2547472165583727e-7,1.2014546170745776e-5,1.5523357511048934,0.055650779934956325,-1.180306327173084
1,beam,sweep_motor_position_EI_coupled_from_matlab.jld2,1,-2.4790769267964654,68,115,0.0033183567412944713,-2.4790769267964654,0.2269227723275614,0.01134613861637807,502.6548245743669,Inf,-0.008375437205088002,0.008375437205088002,-2.773157103297937e-5,0.00032230523748168975,-1.1029757206027254e-5,-1.5493103240672145e-6,1.1138038718920464e-5,-172.004182045998,1.1919850873962573e-5,4.5284264474088625e-7,1.192844966114215e-5,2.1756564655491304,0.0684528928183203,-1.212503828561733
1,beam,sweep_motor_position_EI_coupled_from_matlab.jld2,1,-2.4393372846199495,69,117,0.00363632519771626,-2.4393372846199495,0.22988243676186992,0.011494121838093497,502.6548245743669,Inf,-0.008386055019992083,0.008386055019992083,-2.693601732769069e-5,0.0003223053713909868,-1.1208186849876068e-5,-1.4500973955768827e-6,1.1301603201245108e-5,-172.62811324217137,1.160646557314423e-5,5.815480164362866e-7,1.1621025823738763e-5,2.8684360839452916,0.027864221768715284,-1.379692690764365
1,beam,sweep_motor_position_EI_coupled_from_matlab.jld2,1,-2.3996367619433165,70,119,0.003984402813155062,-2.3996367619433165,0.23338762486812661,0.011669381243406331,502.6548245743669,Inf,-0.008440870248812876,0.008440870248812876,-2.620496005958753e-5,0.0003223055857426394,-1.1420772412045951e-5,-1.378592691752143e-6,1.1503675947170205e-5,-173.11717068215364,1.133419232184709e-5,6.865122357361105e-7,1.1354964316915882e-5,3.4661717367725866,-0.013010864574376954,-1.5153286430063468
1,beam,sweep_motor_position_EI_coupled_from_matlab.jld2,1,-2.3598312456617654,71,121,0.004366854826897258,-2.3598312456617654,0.23539401387684306,0.011769700693842153,502.6548245743669,Inf,-0.008495990932998255,0.008495990932998255,-2.6405184472417406e-5,0.0003223053946228291,-1.1344294920313145e-5,-1.3314259314417715e-6,1.1422159263902698e-5,-173.30609012780346,1.1283402878755707e-5,7.55522406863797e-7,1.1308669003538207e-5,3.830734867535737,-0.009985331816297616,-1.5937158256593127
1,beam,sweep_motor_position_EI_coupled_from_matlab.jld2,1,-2.3200177757010754,72,123,0.00478610502363089,-2.3200177757010754,0.2372544785469751,0.011862723927348755,502.6548245743669,Inf,-0.008558495085683132,0.008558495085683132,-2.671687220939152e-5,0.0003223051361058668,-1.1249705214292907e-5,-1.294552364512188e-6,1.1323945126719447e-5,-173.4356000536584,1.1270166379784274e-5,8.128061603930679e-7,1.129943821976972e-5,4.125038586711344,-0.002166508679712033,-1.6712494749468896
1,beam,sweep_motor_position_EI_coupled_from_matlab.jld2,1,-2.280229302888777,73,125,0.0052453044060480165,-2.280229302888777,0.23959365529175808,0.011979682764587905,502.6548245743669,Inf,-0.008643944897040352,0.008643944897040352,-2.6921069991016348e-5,0.00032230542976095463,-1.1223555620380546e-5,-1.2655958484013212e-6,1.1294686078650721e-5,-173.5663632590426,1.124856688456549e-5,8.656912276742547e-7,1.128182956165424e-5,4.400816139100522,-0.001138927993325557,-1.7507844102143284
1,beam,sweep_motor_position_EI_coupled_from_matlab.jld2,1,-2.240443407864077,74,127,0.005748527219935546,-2.240443407864077,0.24197739408141433,0.012098869704070717,502.6548245743669,Inf,-0.008741565479846468,0.008741565479846468,-2.7181573673297823e-5,0.00032230530103844834,-1.1200848045605801e-5,-1.2432517163603424e-6,1.1269634943998153e-5,-173.6663112256695,1.1251197519240277e-5,9.121647202501107e-7,1.1288112778220615e-5,4.634985143704539,0.001638268328178995,-1.8283412735708218
1,beam,sweep_motor_position_EI_coupled_from_matlab.jld2,1,-2.2006870324392813,75,129,0.006299599901876521,-2.2006870324392813,0.24480403267897466,0.012240201633948733,502.6548245743669,Inf,-0.00886508309713225,0.00886508309713225,-2.7404604721274026e-5,0.0003223050952017188,-1.1225949202199788e-5,-1.2271239667552777e-6,1.1292819343288693e-5,-173.76168790686134,1.1260017984339802e-5,9.558713413381944e-7,1.1300517467304206e-5,4.852248045380224,0.0006814507468590302,-1.9171759271332443
1,beam,sweep_motor_position_EI_coupled_from_matlab.jld2,1,-2.1609674000665797,76,131,0.006902916180288763,-2.1609674000665797,0.24811247444513995,0.012405623722256998,502.6548245743669,Inf,-0.009018661769052938,0.009018661769052938,-2.761326385298563e-5,0.0003223053118448814,-1.1294771647216896e-5,-1.2168540675637316e-6,1.1360132058410283e-5,-173.85089691262075,1.1280609813091254e-5,9.975930964529264e-7,1.1324634640521576e-5,5.053766314192555,-0.003129618341651688,-2.01384914782486
1,beam,sweep_motor_position_EI_coupled_from_matlab.jld2,1,-2.1212461879745925,77,133,0.007564039916734056,-2.1212461879745925,0.2514026585923798,0.01257013292961899,502.6548245743669,Inf,-0.009183320659158835,0.009183320659158835,-2.7910295014406268e-5,0.0003223053804714726,-1.1353068924960652e-5,-1.2103391222869755e-6,1.141740315508941e-5,-173.91473976402295,1.1329549910318114e-5,1.0354294409584107e-6,1.1376766469326539e-5,5.221865637169596,-0.0035655219978642126,-2.111106539302583
1,beam,sweep_motor_position_EI_coupled_from_matlab.jld2,1,-2.081530990424221,78,135,0.00828836769954985,-2.081530990424221,0.25476450339463247,0.012738225169731623,502.6548245743669,Inf,-0.009361545138835642,0.009361545138835642,-2.8266946370767098e-5,0.0003223052721723772,-1.1412197591198767e-5,-1.2070857363615695e-6,1.1475857694982563e-5,-173.96218652221708,1.1400270799762034e-5,1.0706118402132752e-6,1.1450431608472744e-5,5.364974184476307,-0.0022180698237039428,-2.223624542833788
1,beam,sweep_motor_position_EI_coupled_from_matlab.jld2,1,-2.041826758070674,79,137,0.009081827359146361,-2.041826758070674,0.2582530298390183,0.012912651491950916,502.6548245743669,Inf,-0.009555286553505024,0.009555286553505024,-2.866937192233338e-5,0.0003223052874820449,-1.1478010576176198e-5,-1.2067594895795865e-6,1.154127355418383e-5,-173.99816352076087,1.1489478948503412e-5,1.103941188008723e-6,1.1542391981503885e-5,5.488290583222492,9.690205532568434e-5,-2.348545078591946
1,beam,sweep_motor_position_EI_coupled_from_matlab.jld2,1,-2.002170647497721,80,139,0.009950143691506359,-2.002170647497721,0.26224532693474506,0.013112266346737254,502.6548245743669,Inf,-0.009783204095009273,0.009783204095009273,-2.9079207767251236e-5,0.0003223052582026848,-1.1581126429004335e-5,-1.2104654578796738e-6,1.1644213841616898e-5,-174.03308050852021,1.1593362801762822e-5,1.1374789264721577e-6,1.1649030833570069e-5,5.60362117010671,0.00041359559944014515,-2.4979658485419094
1,beam,sweep_motor_position_EI_coupled_from_matlab.jld2,1,-1.96257501579451,81,141,0.010899962008073116,-1.96257501579451,0.2668032236229905,0.013340161181149527,502.6548245743669,Inf,-0.010050849156754908,0.010050849156754908,-2.9507097375063593e-5,0.00032230525038754815,-1.1722252580792647e-5,-1.218287228300219e-6,1.1785390504287047e-5,-174.06658306411202,1.1715163632012073e-5,1.1717235055086397e-6,1.1773614351514142e-5,5.711596183727433,-0.0009997153871837594,-2.699132923063513
1,beam,sweep_motor_position_EI_coupled_from_matlab.jld2,1,-1.922986309413965,82,143,0.011940257440272946,-1.922986309413965,0.27142204266617176,0.013571102133308588,502.6548245743669,Inf,-0.010333459033519088,0.010333459033519088,-2.9999983981577444e-5,0.0003223053426794104,-1.186041019629067e-5,-1.2279602603571122e-6,1.1923808805297575e-5,-174.0889775506312,1.1857315797783118e-5,1.2047409561650865e-6,1.1918361410018522e-5,5.801524447315571,-0.0004569546266549264,-3.0076735985820235
1,beam,sweep_motor_position_EI_coupled_from_matlab.jld2,1,-1.883444362924747,83,145,0.01307843074787933,-1.883444362924747,0.27642173867165687,0.013821086933582844,502.6548245743669,Inf,-0.01064853405380575,0.01064853405380575,-3.0533550691496893e-5,0.0003223053298046094,-1.2019792213805869e-5,-1.2405842792673787e-6,1.2083644078548224e-5,-174.1072653409222,1.2018768895588515e-5,1.2381372972705831e-6,1.2082375169330675e-5,5.881690359060566,-0.00010501598968654571,-3.9595761179322606
1,beam,sweep_motor_position_EI_coupled_from_matlab.jld2,1,-1.8439561451495408,84,147,0.014323325282293712,-1.8439561451495408,0.2818322762355283,0.014091613811776416,502.6548245743669,Inf,-0.01099935945853518,0.01099935945853518,-3.111112566322036e-5,0.00032230540089451474,-1.2201153872312572e-5,-1.2561382901764341e-6,1.226564467200544e-5,-174.12197007134924,1.2200412730733964e-5,1.2722159974783504e-6,1.2266564488254045e-5,5.953086837131311,7.498845630274341e-5,-3.1830515044760728
1,beam,sweep_motor_position_EI_coupled_from_matlab.jld2,1,-1.8045201619536497,85,149,0.01568483079768616,-1.8045201619536497,0.28760798227787054,0.014380399113893529,502.6548245743669,Inf,-0.011384931771819304,0.011384931771819304,-3.173858091680207e-5,0.0003223054087029516,-1.2400273163340699e-5,-1.2742950415641846e-6,1.2465576696584182e-5,-174.13268290564167,1.2402441840868574e-5,1.3069395044881225e-6,1.2471112800569127e-5,6.015490839454802,0.0004440127237193493,-2.882072662930541
1,beam,sweep_motor_position_EI_coupled_from_matlab.jld2,1,-1.7651899111649878,86,151,0.017171573330347297,-1.7651899111649878,0.29406461849355864,0.014703230924677933,502.6548245743669,Inf,-0.011826631856525435,0.011826631856525435,-3.241106352294575e-5,0.000322305345635592,-1.2636683180955263e-5,-1.2963272359426378e-6,1.2703000673796892e-5,-174.14283254238433,1.2628931242220367e-5,1.3437562859884759e-6,1.2700219890886268e-5,6.073591218240361,-0.00021893152249895492,-2.7231189286907194
1,beam,sweep_motor_position_EI_coupled_from_matlab.jld2,1,-1.725913239431065,87,153,0.018796922921793465,-1.725913239431065,0.3008423875439202,0.01504211937719601,502.6548245743669,Inf,-0.01230473422843393,0.01230473422843393,-3.314337734178203e-5,0.0003223052110167355,-1.2885734549535116e-5,-1.320562270403822e-6,1.295322506525294e-5,-174.14861335465494,1.2876647752977335e-5,1.3812829845451706e-6,1.2950521226485451e-5,6.122727448747459,-0.00020876044009839967,-2.6252151661940504
1,beam,sweep_motor_position_EI_coupled_from_matlab.jld2,1,-1.6867129191791412,88,155,0.020572500465392024,-1.6867129191791412,0.30804542793812895,0.015402271396906447,502.6548245743669,Inf,-0.0128276240002521,0.0128276240002521,-3.393457710508936e-5,0.0003223053077204226,-1.315369354515255e-5,-1.3473635805218134e-6,1.3222520277840544e-5,-174.15145748923632,1.3146796856450253e-5,1.4200520117331645e-6,1.322326795088104e-5,6.164905197103405,5.654382720085025e-5,-2.558943499467085
1,beam,sweep_motor_position_EI_coupled_from_matlab.jld2,1,-1.6476337695162488,89,157,0.02250951981418875,-1.6476337695162488,0.31587959611242206,0.015793979805621104,502.6548245743669,Inf,-0.013411734057005725,0.013411734057005725,-3.478625150246006e-5,0.0003223053651577936,-1.3452151083454364e-5,-1.3775658843763567e-6,1.3522501859414923e-5,-174.1530145135556,1.344315907832071e-5,1.461000522099014e-6,1.3522316685043659e-5,6.202553116312855,-1.3693888975543204e-5,-2.5082279601165562
1,beam,sweep_motor_position_EI_coupled_from_matlab.jld2,1,-1.6086796453996808,90,159,0.02462183148407447,-1.6086796453996808,0.3243129873844214,0.01621564936922107,502.6548245743669,Inf,-0.014058277825001452,0.014058277825001452,-3.570342620747426e-5,0.00032230537181892455,-1.377787092817249e-5,-1.4109477076650266e-6,1.384992782461865e-5,-174.15290536351645,1.3765978110359562e-5,1.5040583892399817e-6,1.3847900381398682e-5,6.235352228125921,-0.00014639726941936785,-2.469929683895832
1,beam,sweep_motor_position_EI_coupled_from_matlab.jld2,1,-1.5698562234803397,91,161,0.02692426004681513,-1.5698562234803397,0.33333010108447425,0.016666505054223714,502.6548245743669,Inf,-0.01476923232971679,0.01476923232971679,-3.668956323908952e-5,0.00032230530990054327,-1.4128730795798819e-5,-1.4473459537096567e-6,1.4202670319692479e-5,-174.15102796846037,1.41153272422249e-5,1.5491964983374456e-6,1.420008707528082e-5,6.263303167153938,-0.00018190095802085503,-2.4416658137229024
1,beam,sweep_motor_position_EI_coupled_from_matlab.jld2,1,-1.5311625889693419,92,163,0.029433195224491417,-1.5311625889693419,0.3428874977724764,0.01714437488862382,502.6548245743669,Inf,-0.015543796710442117,0.015543796710442117,-3.7746449542127e-5,0.00032230532052554973,-1.4500954307678926e-5,-1.4864440033609433e-6,1.4576940406289645e-5,-174.14724491194778,1.4490200764469141e-5,1.5962281254596021e-6,1.4577855206549774e-5,6.286307651326543,6.275470227107455e-5,-2.4220938631387927
1,beam,sweep_motor_position_EI_coupled_from_matlab.jld2,1,-1.492678248294597,93,165,0.032160422955399684,-1.492678248294597,0.3532529658113516,0.017662648290567583,502.6548245743669,Inf,-0.016404257141736635,0.016404257141736635,-3.8879135601755436e-5,0.0003223053172834799,-1.4907139834026783e-5,-1.5292563549953207e-6,1.4985374303984591e-5,-174.14277334301906,1.48961106173641e-5,1.646188322614187e-6,1.4986795772220919e-5,6.306241113851339,9.48525401741791e-5,-2.406858272911351
1,beam,sweep_motor_position_EI_coupled_from_matlab.jld2,1,-1.4544689671020081,94,167,0.035118101757132446,-1.4544689671020081,0.3645906104036545,0.018229530520182724,502.6548245743669,Inf,-0.017364498565909173,0.017364498565909173,-4.0092294709484716e-5,0.000322305406359469,-1.5351918300121876e-5,-1.576196286753642e-6,1.5432620977267373e-5,-174.1379273761726,1.533612055283547e-5,1.6995422087189514e-6,1.5430004450106932e-5,6.323690569355804,-0.00016955959549119456,-2.3947714386766465
1,beam,sweep_motor_position_EI_coupled_from_matlab.jld2,1,-1.4164988219516408,95,169,0.03832667800314547,-1.4164988219516408,0.3767080785393828,0.01883540392696914,502.6548245743669,Inf,-0.018405641143126383,0.018405641143126383,-4.1380395042998734e-5,0.00032230541405760726,-1.581890188371466e-5,-1.6258859548857452e-6,1.5902237639555194e-5,-174.13167655736564,1.5803227196688493e-5,1.755073103407584e-6,1.5900385889293993e-5,6.33717969844956,-0.00011645267273263962,-2.38806651815593
1,beam,sweep_motor_position_EI_coupled_from_matlab.jld2,1,-1.3788228839538768,96,170,0.041800080297048264,-1.3788228839538768,0.38970647402604786,0.019485323701302393,502.6548245743669,Inf,-0.019524445021652185,0.019524445021652185,-4.273648295451082e-5,0.0003223052738210714,-1.6304120451985868e-5,-1.6779219760624921e-6,1.6390233856495682e-5,-174.12414912754247,1.6294579106070955e-5,1.8124437349789592e-6,1.6395068177243685e-5,6.346912433500866,0.0002949077997157444,-2.3857933037224357
1,beam,sweep_motor_position_EI_coupled_from_matlab.jld2,1,-1.341960205374973,97,172,0.04550297528483441,-1.341960205374973,0.40484705641529267,0.020242352820764635,502.6548245743669,Inf,-0.0207975767918382,0.0207975767918382,-4.416810201399135e-5,0.0003223053583820729,-1.6849642222823493e-5,-1.7358888376045374e-6,1.6938823840328354e-5,-174.11800833013993,1.6829965888403003e-5,1.8749914358632596e-6,1.69340882449977e-5,6.356989512747183,-0.0002796095727564738,-2.3822116332130343
1,beam,sweep_motor_position_EI_coupled_from_matlab.jld2,1,-1.305707873079562,98,174,0.049464329548464026,-1.305707873079562,0.4214059329024747,0.021070296645123734,502.6548245743669,Inf,-0.022116024022401135,0.022116024022401135,-4.562251129736418e-5,0.000322305321845782,-1.739183421378461e-5,-1.7941222272012978e-6,1.7484129142908624e-5,-174.1102646793176,1.7374124050765967e-5,1.9374002611459504e-6,1.748181072724713e-5,6.362804762667604,-0.0001326099432711807,-2.3841692583996967
1,beam,sweep_motor_position_EI_coupled_from_matlab.jld2,1,-1.270895782471705,99,176,0.0535925247919301,-1.270895782471705,0.440725121793946,0.022036256089697302,502.6548245743669,Inf,-0.0234908295430868,0.0234908295430868,-4.705028800601685e-5,0.0003223053971498613,-1.794224845828435e-5,-1.8532950470283104e-6,1.8037710006265952e-5,-174.10270452137425,1.792468681860285e-5,2.0001144952423593e-6,1.8035932344602353e-5,6.366974175960391,-9.855737005936599e-5,-2.3873179469686234
1,beam,sweep_motor_position_EI_coupled_from_matlab.jld2,1,-1.2380331528156503,100,177,0.05780519188685516,-1.2380331528156503,0.463271591840697,0.023163579592034852,502.6548245743669,Inf,-0.024808200751619467,0.024808200751619467,-4.834340884848977e-5,0.0003223053566385814,-1.8451676268677373e-5,-1.908550236356786e-6,1.855011916750858e-5,-174.09460809999922,1.844268399878988e-5,2.0583298447740675e-6,1.855719038079601e-5,6.368247508939294,0.000381122378136314,-2.393221954658837
